Date,1 Mo,3 Mo,6 Mo,1 Yr,2 Yr,3 Yr,5 Yr,7 Yr,10 Yr,20 Yr,30 Yr
1/4/2016,0.17,0.22,0.49,0.61,1.02,1.31,1.73,2.06,2.24,2.64,2.98
1/5/2016,0.2,0.2,0.49,0.68,1.04,1.32,1.73,2.06,2.25,2.67,3.01
1/6/2016,0.21,0.21,0.47,0.67,0.99,1.26,1.65,1.98,2.18,2.59,2.94
1/7/2016,0.2,0.2,0.46,0.66,0.96,1.22,1.61,1.94,2.16,2.56,2.92
1/8/2016,0.2,0.2,0.45,0.64,0.94,1.2,1.57,1.91,2.13,2.55,2.91
1/11/2016,0.19,0.21,0.48,0.63,0.94,1.2,1.58,1.94,2.17,2.59,2.96
1/12/2016,0.22,0.21,0.47,0.62,0.93,1.18,1.55,1.88,2.12,2.51,2.89
1/13/2016,0.22,0.22,0.46,0.6,0.91,1.15,1.51,1.85,2.08,2.47,2.85
1/14/2016,0.22,0.25,0.43,0.55,0.9,1.14,1.52,1.87,2.1,2.51,2.9
1/15/2016,0.19,0.24,0.37,0.49,0.85,1.08,1.46,1.79,2.03,2.44,2.81
1/19/2016,0.21,0.26,0.37,0.48,0.88,1.11,1.49,1.82,2.06,2.45,2.82
1/20/2016,0.26,0.26,0.35,0.43,0.85,1.06,1.44,1.76,2.01,2.41,2.77
1/21/2016,0.27,0.28,0.38,0.44,0.84,1.06,1.44,1.77,2.02,2.42,2.79
1/22/2016,0.26,0.31,0.41,0.47,0.88,1.11,1.49,1.81,2.07,2.46,2.83
1/25/2016,0.25,0.31,0.42,0.47,0.88,1.1,1.47,1.79,2.03,2.42,2.8
1/26/2016,0.29,0.31,0.45,0.47,0.85,1.07,1.45,1.76,2.01,2.41,2.79
1/27/2016,0.28,0.32,0.43,0.47,0.84,1.07,1.43,1.76,2.02,2.42,2.8
1/28/2016,0.26,0.35,0.45,0.47,0.83,1.05,1.4,1.75,2,2.41,2.79
1/29/2016,0.22,0.33,0.43,0.47,0.76,0.97,1.33,1.67,1.94,2.36,2.75
2/1/2016,0.19,0.35,0.47,0.47,0.81,1.01,1.38,1.72,1.97,2.38,2.77
2/2/2016,0.26,0.34,0.47,0.54,0.75,0.93,1.28,1.61,1.87,2.27,2.67
2/3/2016,0.27,0.33,0.46,0.54,0.72,0.91,1.27,1.61,1.88,2.3,2.7
2/4/2016,0.24,0.29,0.43,0.52,0.7,0.9,1.25,1.6,1.87,2.29,2.7
2/5/2016,0.23,0.3,0.45,0.55,0.74,0.91,1.25,1.58,1.86,2.27,2.68
2/8/2016,0.21,0.32,0.42,0.51,0.66,0.83,1.16,1.48,1.75,2.17,2.56
2/9/2016,0.27,0.3,0.43,0.52,0.69,0.85,1.15,1.47,1.74,2.16,2.55
2/10/2016,0.27,0.31,0.42,0.52,0.71,0.85,1.15,1.46,1.71,2.13,2.53
2/11/2016,0.27,0.28,0.39,0.47,0.64,0.81,1.11,1.39,1.63,2.06,2.5
2/12/2016,0.26,0.3,0.39,0.51,0.71,0.89,1.2,1.5,1.74,2.15,2.6
2/16/2016,0.23,0.3,0.42,0.51,0.74,0.91,1.23,1.53,1.78,2.19,2.64
2/17/2016,0.28,0.3,0.43,0.53,0.74,0.93,1.26,1.57,1.81,2.24,2.68
2/18/2016,0.28,0.3,0.45,0.53,0.71,0.88,1.21,1.51,1.75,2.17,2.62
2/19/2016,0.26,0.31,0.46,0.53,0.76,0.91,1.24,1.53,1.76,2.17,2.61
2/22/2016,0.28,0.33,0.46,0.55,0.78,0.92,1.25,1.54,1.77,2.18,2.62
2/23/2016,0.28,0.32,0.47,0.55,0.76,0.9,1.23,1.51,1.74,2.16,2.6
2/24/2016,0.28,0.33,0.46,0.55,0.75,0.9,1.21,1.52,1.75,2.16,2.61
2/25/2016,0.27,0.32,0.46,0.56,0.72,0.85,1.16,1.47,1.71,2.14,2.58
2/26/2016,0.26,0.33,0.47,0.6,0.8,0.93,1.23,1.55,1.76,2.2,2.63
2/29/2016,0.23,0.33,0.49,0.62,0.78,0.91,1.22,1.52,1.74,2.19,2.61
3/1/2016,0.29,0.33,0.5,0.68,0.85,0.98,1.31,1.62,1.83,2.28,2.7
3/2/2016,0.28,0.36,0.48,0.67,0.85,1,1.34,1.65,1.84,2.27,2.69
3/3/2016,0.25,0.28,0.46,0.65,0.85,0.99,1.33,1.63,1.83,2.23,2.65
3/4/2016,0.25,0.29,0.47,0.67,0.88,1.04,1.38,1.69,1.88,2.29,2.7
3/7/2016,0.27,0.32,0.49,0.67,0.91,1.08,1.42,1.72,1.91,2.3,2.71
3/8/2016,0.27,0.29,0.48,0.68,0.88,1.04,1.34,1.64,1.83,2.22,2.63
3/9/2016,0.27,0.3,0.47,0.68,0.9,1.07,1.39,1.69,1.9,2.27,2.68
3/10/2016,0.27,0.32,0.5,0.69,0.93,1.11,1.45,1.75,1.93,2.29,2.7
3/11/2016,0.27,0.33,0.51,0.7,0.97,1.16,1.49,1.79,1.98,2.34,2.75
3/14/2016,0.28,0.34,0.52,0.7,0.97,1.15,1.49,1.78,1.97,2.33,2.74
3/15/2016,0.29,0.34,0.52,0.71,0.98,1.16,1.5,1.78,1.97,2.33,2.73
3/16/2016,0.28,0.31,0.47,0.66,0.87,1.05,1.41,1.72,1.94,2.32,2.73
3/17/2016,0.29,0.29,0.47,0.64,0.87,1.04,1.39,1.7,1.91,2.28,2.69
3/18/2016,0.27,0.3,0.44,0.62,0.84,1,1.34,1.66,1.88,2.26,2.68
3/21/2016,0.26,0.31,0.46,0.63,0.87,1.05,1.38,1.7,1.92,2.31,2.72
3/22/2016,0.28,0.3,0.46,0.64,0.91,1.08,1.42,1.74,1.94,2.32,2.72
3/23/2016,0.27,0.3,0.46,0.64,0.87,1.03,1.37,1.67,1.88,2.25,2.65
3/24/2016,0.24,0.3,0.46,0.63,0.89,1.05,1.39,1.7,1.91,2.28,2.67
3/28/2016,0.19,0.29,0.49,0.65,0.89,1.04,1.37,1.68,1.89,2.26,2.66
3/29/2016,0.18,0.23,0.45,0.63,0.78,0.94,1.29,1.59,1.81,2.2,2.6
3/30/2016,0.14,0.2,0.39,0.61,0.76,0.91,1.26,1.6,1.83,2.24,2.65
3/31/2016,0.18,0.21,0.39,0.59,0.73,0.87,1.21,1.54,1.78,2.2,2.61
4/1/2016,0.2,0.23,0.4,0.62,0.76,0.9,1.24,1.56,1.79,2.2,2.62
4/4/2016,0.18,0.23,0.38,0.59,0.75,0.88,1.22,1.53,1.78,2.19,2.6
4/5/2016,0.19,0.23,0.36,0.56,0.72,0.85,1.17,1.49,1.73,2.13,2.54
4/6/2016,0.19,0.23,0.36,0.55,0.73,0.88,1.2,1.52,1.76,2.17,2.58
4/7/2016,0.2,0.23,0.36,0.52,0.7,0.83,1.14,1.46,1.7,2.1,2.52
4/8/2016,0.2,0.23,0.34,0.54,0.7,0.84,1.16,1.47,1.72,2.13,2.55
4/11/2016,0.19,0.23,0.34,0.53,0.7,0.85,1.16,1.48,1.73,2.14,2.56
4/12/2016,0.21,0.22,0.34,0.54,0.74,0.9,1.22,1.54,1.79,2.18,2.61
4/13/2016,0.21,0.23,0.36,0.55,0.75,0.9,1.22,1.53,1.77,2.16,2.58
4/14/2016,0.21,0.22,0.37,0.55,0.77,0.92,1.26,1.57,1.8,2.18,2.61
4/15/2016,0.19,0.22,0.37,0.53,0.74,0.87,1.22,1.52,1.76,2.14,2.56
4/18/2016,0.16,0.22,0.35,0.52,0.75,0.9,1.24,1.54,1.78,2.17,2.58
4/19/2016,0.18,0.21,0.36,0.53,0.77,0.92,1.26,1.57,1.79,2.19,2.6
4/20/2016,0.18,0.23,0.36,0.54,0.8,0.97,1.32,1.63,1.85,2.25,2.66
4/21/2016,0.19,0.23,0.37,0.56,0.82,0.98,1.35,1.65,1.88,2.29,2.69
4/22/2016,0.19,0.23,0.38,0.56,0.84,1.01,1.37,1.67,1.89,2.3,2.7
4/25/2016,0.17,0.25,0.4,0.57,0.85,1.01,1.38,1.69,1.91,2.32,2.72
4/26/2016,0.19,0.24,0.43,0.61,0.86,1.04,1.4,1.72,1.94,2.35,2.76
4/27/2016,0.18,0.24,0.4,0.58,0.83,0.99,1.33,1.64,1.87,2.3,2.71
4/28/2016,0.17,0.22,0.39,0.56,0.78,0.93,1.28,1.6,1.84,2.27,2.68
4/29/2016,0.16,0.22,0.4,0.56,0.77,0.92,1.28,1.6,1.83,2.26,2.66
5/2/2016,0.11,0.22,0.41,0.55,0.8,0.96,1.32,1.64,1.88,2.31,2.71
5/3/2016,0.18,0.21,0.4,0.53,0.75,0.92,1.25,1.57,1.81,2.24,2.66
5/4/2016,0.18,0.19,0.39,0.52,0.75,0.89,1.23,1.55,1.79,2.22,2.64
5/5/2016,0.2,0.2,0.39,0.51,0.72,0.87,1.2,1.52,1.76,2.17,2.6
5/6/2016,0.2,0.19,0.39,0.51,0.74,0.9,1.23,1.55,1.79,2.2,2.62
5/9/2016,0.21,0.24,0.38,0.51,0.72,0.86,1.2,1.51,1.77,2.18,2.61
5/10/2016,0.25,0.24,0.36,0.52,0.72,0.88,1.2,1.52,1.77,2.18,2.61
5/11/2016,0.25,0.26,0.37,0.53,0.74,0.87,1.2,1.51,1.73,2.15,2.58
5/12/2016,0.25,0.27,0.37,0.54,0.76,0.92,1.24,1.54,1.75,2.18,2.6
5/13/2016,0.25,0.29,0.38,0.55,0.76,0.91,1.22,1.51,1.71,2.14,2.55
5/16/2016,0.21,0.28,0.38,0.57,0.79,0.94,1.26,1.55,1.75,2.18,2.59
5/17/2016,0.25,0.28,0.4,0.58,0.82,0.97,1.29,1.57,1.76,2.18,2.59
5/18/2016,0.25,0.3,0.43,0.63,0.9,1.08,1.41,1.69,1.87,2.27,2.67
5/19/2016,0.25,0.31,0.43,0.64,0.89,1.06,1.38,1.67,1.85,2.24,2.64
5/20/2016,0.26,0.33,0.46,0.67,0.89,1.05,1.38,1.65,1.85,2.24,2.63
5/23/2016,0.26,0.35,0.48,0.69,0.91,1.05,1.38,1.65,1.84,2.23,2.63
5/24/2016,0.28,0.35,0.48,0.69,0.92,1.08,1.41,1.68,1.86,2.25,2.65
5/25/2016,0.24,0.33,0.47,0.67,0.92,1.08,1.4,1.69,1.87,2.27,2.67
5/26/2016,0.17,0.31,0.46,0.65,0.87,1.03,1.35,1.65,1.83,2.24,2.64
5/27/2016,0.23,0.32,0.47,0.68,0.9,1.06,1.39,1.67,1.85,2.25,2.65
5/31/2016,0.27,0.34,0.49,0.68,0.87,1.03,1.37,1.66,1.84,2.23,2.64
6/1/2016,0.27,0.3,0.49,0.7,0.91,1.07,1.39,1.67,1.85,2.22,2.63
6/2/2016,0.19,0.29,0.48,0.68,0.89,1.03,1.36,1.63,1.81,2.17,2.58
6/3/2016,0.19,0.3,0.43,0.6,0.78,0.92,1.23,1.5,1.71,2.09,2.52
6/6/2016,0.19,0.28,0.43,0.6,0.8,0.94,1.25,1.53,1.73,2.12,2.55
6/7/2016,0.2,0.28,0.43,0.59,0.78,0.94,1.23,1.51,1.72,2.1,2.54
6/8/2016,0.2,0.24,0.43,0.6,0.78,0.93,1.23,1.51,1.71,2.08,2.51
6/9/2016,0.21,0.26,0.43,0.59,0.77,0.91,1.22,1.49,1.68,2.05,2.48
6/10/2016,0.18,0.26,0.42,0.57,0.73,0.87,1.17,1.44,1.64,2.02,2.44
6/13/2016,0.23,0.27,0.4,0.55,0.73,0.84,1.14,1.42,1.62,2.01,2.43
6/14/2016,0.24,0.27,0.41,0.55,0.74,0.85,1.15,1.42,1.62,2,2.43
6/15/2016,0.23,0.26,0.37,0.52,0.69,0.81,1.1,1.38,1.6,1.99,2.43
6/16/2016,0.23,0.27,0.36,0.53,0.7,0.81,1.1,1.37,1.57,1.96,2.39
6/17/2016,0.22,0.27,0.37,0.51,0.7,0.83,1.13,1.41,1.62,1.99,2.43
6/20/2016,0.23,0.28,0.41,0.56,0.74,0.87,1.17,1.45,1.67,2.03,2.47
6/21/2016,0.25,0.27,0.41,0.57,0.76,0.89,1.22,1.49,1.71,2.07,2.5
6/22/2016,0.25,0.27,0.4,0.56,0.75,0.88,1.2,1.49,1.69,2.06,2.5
6/23/2016,0.27,0.31,0.43,0.58,0.78,0.92,1.25,1.54,1.74,2.12,2.55
6/24/2016,0.24,0.27,0.38,0.48,0.64,0.76,1.08,1.35,1.57,1.96,2.42
6/27/2016,0.22,0.27,0.35,0.45,0.61,0.7,1,1.26,1.46,1.83,2.28
6/28/2016,0.25,0.26,0.35,0.45,0.61,0.71,1,1.26,1.46,1.83,2.27
6/29/2016,0.18,0.26,0.35,0.46,0.62,0.74,1.03,1.3,1.5,1.86,2.3
6/30/2016,0.2,0.26,0.36,0.45,0.58,0.71,1.01,1.29,1.49,1.86,2.3
7/1/2016,0.24,0.28,0.37,0.45,0.59,0.71,1,1.27,1.46,1.81,2.24
7/5/2016,0.27,0.28,0.35,0.44,0.56,0.66,0.94,1.19,1.37,1.72,2.14
7/6/2016,0.26,0.27,0.36,0.46,0.58,0.69,0.95,1.2,1.38,1.72,2.14
7/7/2016,0.27,0.29,0.37,0.47,0.58,0.69,0.97,1.21,1.4,1.72,2.14
7/8/2016,0.26,0.28,0.36,0.48,0.61,0.71,0.95,1.19,1.37,1.69,2.11
7/11/2016,0.28,0.31,0.4,0.5,0.66,0.77,1.03,1.27,1.43,1.73,2.14
7/12/2016,0.29,0.29,0.4,0.52,0.69,0.81,1.1,1.35,1.53,1.82,2.24
7/13/2016,0.29,0.31,0.4,0.51,0.68,0.8,1.07,1.32,1.48,1.77,2.18
7/14/2016,0.29,0.32,0.41,0.53,0.68,0.82,1.1,1.36,1.53,1.84,2.25
7/15/2016,0.27,0.32,0.42,0.52,0.71,0.87,1.15,1.42,1.6,1.9,2.3
7/18/2016,0.26,0.32,0.44,0.52,0.68,0.85,1.14,1.4,1.59,1.9,2.3
7/19/2016,0.29,0.31,0.44,0.56,0.7,0.84,1.12,1.38,1.56,1.88,2.27
7/20/2016,0.28,0.32,0.44,0.56,0.73,0.86,1.15,1.41,1.59,1.91,2.3
7/21/2016,0.28,0.32,0.44,0.54,0.7,0.82,1.11,1.38,1.57,1.9,2.29
7/22/2016,0.29,0.33,0.44,0.55,0.71,0.84,1.13,1.4,1.57,1.9,2.29
7/25/2016,0.28,0.32,0.44,0.55,0.72,0.87,1.15,1.41,1.58,1.9,2.29
7/26/2016,0.24,0.31,0.43,0.55,0.75,0.87,1.15,1.4,1.57,1.89,2.28
7/27/2016,0.25,0.31,0.4,0.53,0.73,0.83,1.1,1.35,1.52,1.84,2.23
7/28/2016,0.19,0.25,0.39,0.53,0.72,0.82,1.09,1.35,1.52,1.83,2.23
7/29/2016,0.19,0.28,0.38,0.5,0.67,0.76,1.03,1.29,1.46,1.78,2.18
8/1/2016,0.2,0.29,0.4,0.5,0.67,0.78,1.06,1.33,1.51,1.84,2.24
8/2/2016,0.28,0.29,0.41,0.5,0.67,0.79,1.07,1.36,1.55,1.88,2.29
8/3/2016,0.26,0.28,0.42,0.53,0.67,0.78,1.07,1.35,1.55,1.88,2.29
8/4/2016,0.24,0.26,0.41,0.51,0.64,0.76,1.03,1.31,1.51,1.84,2.25
8/5/2016,0.23,0.28,0.45,0.56,0.72,0.86,1.13,1.41,1.59,1.91,2.32
8/8/2016,0.27,0.31,0.45,0.57,0.74,0.86,1.15,1.42,1.59,1.91,2.3
8/9/2016,0.27,0.29,0.44,0.55,0.71,0.84,1.11,1.38,1.55,1.86,2.25
8/10/2016,0.27,0.28,0.43,0.55,0.69,0.8,1.07,1.34,1.5,1.83,2.23
8/11/2016,0.27,0.28,0.45,0.55,0.76,0.88,1.16,1.42,1.57,1.89,2.28
8/12/2016,0.27,0.29,0.43,0.56,0.71,0.82,1.1,1.36,1.51,1.85,2.23
8/15/2016,0.26,0.31,0.46,0.56,0.72,0.85,1.14,1.4,1.55,1.9,2.27
8/16/2016,0.27,0.27,0.45,0.57,0.76,0.87,1.16,1.42,1.57,1.92,2.29
8/17/2016,0.27,0.3,0.46,0.58,0.74,0.86,1.15,1.41,1.56,1.9,2.27
8/18/2016,0.27,0.3,0.44,0.58,0.71,0.81,1.12,1.38,1.53,1.89,2.26
8/19/2016,0.27,0.3,0.44,0.59,0.76,0.88,1.17,1.43,1.58,1.93,2.29
8/22/2016,0.24,0.29,0.45,0.58,0.76,0.86,1.15,1.4,1.55,1.88,2.24
8/23/2016,0.28,0.3,0.45,0.58,0.74,0.86,1.15,1.4,1.55,1.88,2.24
8/24/2016,0.28,0.31,0.46,0.59,0.76,0.87,1.13,1.4,1.56,1.89,2.24
8/25/2016,0.28,0.33,0.46,0.6,0.78,0.89,1.16,1.43,1.58,1.91,2.27
8/26/2016,0.28,0.34,0.47,0.62,0.84,0.96,1.23,1.49,1.62,1.96,2.29
8/29/2016,0.25,0.33,0.49,0.62,0.81,0.92,1.18,1.43,1.57,1.9,2.22
8/30/2016,0.23,0.33,0.47,0.61,0.8,0.92,1.18,1.44,1.57,1.91,2.23
8/31/2016,0.26,0.33,0.47,0.61,0.8,0.92,1.19,1.45,1.58,1.9,2.23
9/1/2016,0.27,0.33,0.47,0.6,0.78,0.91,1.18,1.44,1.57,1.9,2.23
9/2/2016,0.25,0.33,0.45,0.59,0.8,0.92,1.2,1.47,1.6,1.95,2.28
9/6/2016,0.24,0.32,0.45,0.56,0.74,0.86,1.13,1.4,1.55,1.9,2.24
9/7/2016,0.25,0.34,0.49,0.57,0.74,0.86,1.12,1.39,1.54,1.89,2.23
9/8/2016,0.26,0.35,0.5,0.57,0.78,0.91,1.19,1.46,1.61,1.98,2.32
9/9/2016,0.24,0.35,0.51,0.58,0.79,0.93,1.23,1.51,1.67,2.05,2.39
9/12/2016,0.24,0.37,0.53,0.57,0.79,0.92,1.21,1.5,1.68,2.05,2.4
9/13/2016,0.25,0.36,0.54,0.63,0.8,0.95,1.26,1.56,1.73,2.12,2.47
9/14/2016,0.24,0.33,0.52,0.62,0.77,0.9,1.21,1.52,1.7,2.1,2.44
9/15/2016,0.2,0.29,0.49,0.6,0.74,0.87,1.2,1.51,1.71,2.13,2.48
9/16/2016,0.2,0.3,0.5,0.61,0.77,0.91,1.21,1.51,1.7,2.1,2.44
9/19/2016,0.16,0.3,0.48,0.6,0.79,0.92,1.22,1.52,1.7,2.1,2.45
9/20/2016,0.17,0.3,0.49,0.61,0.79,0.93,1.2,1.5,1.69,2.09,2.43
9/21/2016,0.12,0.22,0.44,0.61,0.79,0.92,1.2,1.48,1.66,2.06,2.39
9/22/2016,0.1,0.18,0.39,0.6,0.79,0.91,1.18,1.46,1.63,2.02,2.34
9/23/2016,0.09,0.18,0.4,0.6,0.77,0.9,1.16,1.44,1.62,2.02,2.34
9/26/2016,0.12,0.25,0.42,0.58,0.76,0.87,1.13,1.41,1.59,2,2.32
9/27/2016,0.16,0.26,0.42,0.58,0.75,0.86,1.12,1.39,1.56,1.96,2.28
9/28/2016,0.14,0.27,0.44,0.6,0.75,0.87,1.13,1.41,1.57,1.96,2.29
9/29/2016,0.12,0.26,0.43,0.59,0.73,0.85,1.12,1.39,1.56,1.95,2.28
9/30/2016,0.2,0.29,0.45,0.59,0.77,0.88,1.14,1.42,1.6,1.99,2.32
10/3/2016,0.25,0.32,0.48,0.63,0.8,0.91,1.18,1.46,1.63,2.01,2.34
10/4/2016,0.28,0.33,0.48,0.64,0.82,0.95,1.22,1.51,1.69,2.08,2.4
10/5/2016,0.26,0.32,0.48,0.65,0.85,0.98,1.26,1.54,1.72,2.11,2.44
10/6/2016,0.26,0.33,0.46,0.65,0.86,1,1.28,1.58,1.75,2.14,2.46
10/7/2016,0.26,0.33,0.46,0.66,0.83,0.99,1.26,1.55,1.73,2.14,2.46
10/11/2016,0.27,0.35,0.48,0.69,0.87,1.03,1.3,1.58,1.77,2.17,2.5
10/12/2016,0.26,0.37,0.49,0.68,0.87,0.99,1.31,1.6,1.79,2.19,2.51
10/13/2016,0.26,0.3,0.45,0.66,0.85,1,1.27,1.56,1.75,2.15,2.48
10/14/2016,0.26,0.32,0.46,0.66,0.84,1,1.28,1.58,1.8,2.22,2.55
10/17/2016,0.24,0.34,0.47,0.65,0.81,0.98,1.26,1.56,1.77,2.19,2.52
10/18/2016,0.26,0.34,0.47,0.66,0.82,0.96,1.24,1.54,1.75,2.18,2.51
10/19/2016,0.25,0.35,0.48,0.65,0.81,0.96,1.24,1.54,1.76,2.18,2.51
10/20/2016,0.25,0.35,0.48,0.66,0.84,0.98,1.26,1.55,1.76,2.17,2.5
10/21/2016,0.25,0.34,0.47,0.66,0.84,0.98,1.25,1.53,1.74,2.15,2.48
10/24/2016,0.23,0.33,0.46,0.66,0.84,1,1.27,1.56,1.77,2.18,2.52
10/25/2016,0.22,0.34,0.49,0.66,0.86,1,1.29,1.56,1.77,2.17,2.5
10/26/2016,0.25,0.33,0.49,0.67,0.86,1.01,1.3,1.59,1.79,2.2,2.53
10/27/2016,0.19,0.3,0.49,0.68,0.87,1.04,1.33,1.64,1.85,2.26,2.6
10/28/2016,0.18,0.3,0.49,0.66,0.86,1.02,1.33,1.63,1.86,2.27,2.62
10/31/2016,0.2,0.34,0.51,0.66,0.86,1,1.31,1.62,1.84,2.25,2.58
11/1/2016,0.24,0.35,0.5,0.65,0.83,0.99,1.3,1.61,1.83,2.24,2.58
11/2/2016,0.24,0.37,0.51,0.64,0.81,0.98,1.26,1.57,1.81,2.22,2.56
11/3/2016,0.24,0.38,0.52,0.64,0.81,0.98,1.26,1.58,1.82,2.25,2.6
11/4/2016,0.25,0.38,0.52,0.62,0.8,0.95,1.24,1.55,1.79,2.22,2.56
11/7/2016,0.28,0.41,0.54,0.63,0.82,0.99,1.29,1.6,1.83,2.26,2.6
11/8/2016,0.28,0.43,0.56,0.71,0.87,1.04,1.34,1.65,1.88,2.29,2.63
11/9/2016,0.3,0.45,0.56,0.72,0.9,1.12,1.49,1.84,2.07,2.52,2.88
11/10/2016,0.3,0.48,0.59,0.72,0.92,1.17,1.56,1.92,2.15,2.58,2.94
11/14/2016,0.32,0.55,0.65,0.77,1,1.27,1.66,2.01,2.23,2.65,2.99
11/15/2016,0.3,0.51,0.61,0.78,1.02,1.28,1.68,2.03,2.23,2.64,2.97
11/16/2016,0.32,0.47,0.62,0.76,1,1.28,1.68,2.03,2.22,2.61,2.92
11/17/2016,0.3,0.44,0.61,0.77,1.04,1.31,1.73,2.08,2.29,2.69,3.01
11/18/2016,0.28,0.44,0.6,0.77,1.07,1.36,1.8,2.14,2.34,2.7,3.01
11/21/2016,0.28,0.46,0.6,0.78,1.08,1.36,1.79,2.13,2.33,2.69,3
11/22/2016,0.34,0.49,0.61,0.78,1.07,1.35,1.77,2.12,2.31,2.69,3
11/23/2016,0.35,0.51,0.63,0.8,1.12,1.4,1.83,2.17,2.36,2.71,3.02
11/25/2016,0.34,0.49,0.62,0.81,1.12,1.41,1.83,2.18,2.36,2.71,3.01
11/28/2016,0.32,0.48,0.6,0.79,1.11,1.38,1.8,2.13,2.32,2.68,2.99
11/29/2016,0.34,0.48,0.6,0.78,1.09,1.37,1.78,2.12,2.3,2.66,2.95
11/30/2016,0.38,0.48,0.62,0.8,1.11,1.4,1.83,2.18,2.37,2.73,3.02
12/1/2016,0.32,0.48,0.6,0.82,1.14,1.45,1.9,2.25,2.45,2.82,3.1
12/2/2016,0.34,0.49,0.61,0.8,1.11,1.4,1.84,2.2,2.4,2.78,3.08
12/5/2016,0.34,0.49,0.63,0.82,1.13,1.42,1.84,2.19,2.39,2.76,3.05
12/6/2016,0.35,0.49,0.63,0.83,1.12,1.41,1.84,2.18,2.39,2.77,3.08
12/7/2016,0.38,0.52,0.63,0.85,1.1,1.39,1.8,2.14,2.34,2.73,3.02
12/8/2016,0.39,0.51,0.62,0.84,1.12,1.4,1.83,2.2,2.4,2.81,3.1
12/9/2016,0.41,0.54,0.64,0.85,1.15,1.43,1.89,2.26,2.47,2.87,3.16
12/12/2016,0.42,0.51,0.64,0.85,1.15,1.44,1.9,2.26,2.49,2.86,3.16
12/13/2016,0.47,0.54,0.66,0.88,1.17,1.46,1.92,2.26,2.48,2.85,3.14
12/14/2016,0.49,0.55,0.66,0.92,1.27,1.57,2.02,2.34,2.54,2.86,3.14
12/15/2016,0.48,0.51,0.65,0.91,1.29,1.61,2.1,2.42,2.6,2.89,3.16
12/16/2016,0.46,0.51,0.65,0.91,1.28,1.59,2.07,2.41,2.6,2.91,3.19
12/19/2016,0.45,0.52,0.65,0.9,1.24,1.55,2.03,2.35,2.54,2.85,3.12
12/20/2016,0.48,0.52,0.66,0.9,1.25,1.56,2.06,2.38,2.57,2.88,3.15
12/21/2016,0.46,0.52,0.65,0.88,1.21,1.54,2.04,2.35,2.55,2.86,3.12
12/22/2016,0.42,0.51,0.65,0.87,1.22,1.54,2.04,2.36,2.55,2.86,3.12
12/23/2016,0.42,0.52,0.65,0.87,1.22,1.54,2.04,2.35,2.55,2.86,3.12
12/27/2016,0.5,0.51,0.66,0.89,1.28,1.58,2.07,2.37,2.57,2.88,3.14
12/28/2016,0.48,0.53,0.62,0.9,1.26,1.55,2.02,2.32,2.51,2.83,3.09
12/29/2016,0.39,0.47,0.62,0.85,1.22,1.49,1.96,2.3,2.49,2.82,3.08
12/30/2016,0.44,0.51,0.62,0.85,1.2,1.47,1.93,2.25,2.45,2.79,3.06
1/3/2017,0.52,0.53,0.65,0.89,1.22,1.5,1.94,2.26,2.45,2.78,3.04
1/4/2017,0.49,0.53,0.63,0.87,1.24,1.5,1.94,2.26,2.46,2.78,3.05
1/5/2017,0.51,0.52,0.62,0.83,1.17,1.43,1.86,2.18,2.37,2.69,2.96
1/6/2017,0.5,0.53,0.61,0.85,1.22,1.5,1.92,2.23,2.42,2.73,3
1/9/2017,0.5,0.5,0.6,0.82,1.21,1.47,1.89,2.18,2.38,2.69,2.97
1/10/2017,0.51,0.52,0.6,0.82,1.19,1.47,1.89,2.18,2.38,2.69,2.97
1/11/2017,0.51,0.52,0.6,0.82,1.2,1.47,1.89,2.18,2.38,2.68,2.96
1/12/2017,0.52,0.52,0.59,0.81,1.18,1.45,1.87,2.17,2.36,2.68,3.01
1/13/2017,0.52,0.53,0.61,0.82,1.21,1.48,1.9,2.2,2.4,2.71,2.99
1/17/2017,0.52,0.55,0.62,0.8,1.17,1.42,1.84,2.14,2.33,2.66,2.93
1/18/2017,0.48,0.53,0.63,0.82,1.23,1.51,1.93,2.24,2.42,2.74,3
1/19/2017,0.47,0.52,0.62,0.83,1.25,1.53,1.97,2.28,2.47,2.77,3.04
1/20/2017,0.46,0.5,0.62,0.82,1.2,1.5,1.95,2.28,2.48,2.79,3.05
1/23/2017,0.46,0.51,0.59,0.79,1.16,1.43,1.88,2.19,2.41,2.72,2.99
1/24/2017,0.5,0.51,0.62,0.81,1.21,1.49,1.94,2.27,2.47,2.78,3.05
1/25/2017,0.48,0.5,0.61,0.82,1.23,1.52,1.99,2.33,2.53,2.84,3.1
1/26/2017,0.49,0.51,0.62,0.82,1.21,1.49,1.95,2.3,2.51,2.82,3.08
1/27/2017,0.49,0.52,0.63,0.82,1.22,1.48,1.94,2.28,2.49,2.8,3.06
1/30/2017,0.49,0.51,0.63,0.81,1.22,1.48,1.94,2.28,2.49,2.82,3.08
1/31/2017,0.5,0.52,0.64,0.84,1.19,1.46,1.9,2.24,2.45,2.78,3.05
2/1/2017,0.5,0.51,0.65,0.83,1.22,1.49,1.93,2.27,2.48,2.8,3.08
2/2/2017,0.5,0.52,0.64,0.84,1.21,1.48,1.92,2.27,2.48,2.8,3.09
2/3/2017,0.49,0.51,0.63,0.82,1.21,1.49,1.93,2.27,2.49,2.82,3.11
2/6/2017,0.48,0.53,0.62,0.79,1.16,1.43,1.86,2.19,2.42,2.76,3.05
2/7/2017,0.51,0.53,0.63,0.8,1.16,1.43,1.85,2.17,2.4,2.74,3.02
2/8/2017,0.52,0.54,0.63,0.79,1.15,1.4,1.81,2.14,2.34,2.68,2.96
2/9/2017,0.51,0.54,0.64,0.8,1.2,1.46,1.88,2.2,2.4,2.74,3.02
2/10/2017,0.51,0.55,0.64,0.81,1.2,1.47,1.89,2.22,2.41,2.75,3.01
2/13/2017,0.5,0.52,0.63,0.82,1.2,1.48,1.92,2.24,2.43,2.77,3.03
2/14/2017,0.51,0.54,0.66,0.84,1.25,1.53,1.98,2.29,2.47,2.81,3.07
2/15/2017,0.53,0.54,0.67,0.86,1.27,1.57,2.01,2.33,2.51,2.84,3.09
2/16/2017,0.51,0.53,0.66,0.82,1.22,1.5,1.95,2.26,2.45,2.8,3.05
2/17/2017,0.5,0.53,0.66,0.82,1.21,1.48,1.92,2.23,2.42,2.78,3.03
2/21/2017,0.49,0.53,0.69,0.83,1.22,1.5,1.93,2.24,2.43,2.78,3.04
2/22/2017,0.47,0.52,0.68,0.82,1.22,1.49,1.92,2.23,2.42,2.78,3.04
2/23/2017,0.39,0.51,0.66,0.81,1.18,1.44,1.87,2.2,2.38,2.75,3.02
2/24/2017,0.4,0.52,0.65,0.8,1.12,1.38,1.8,2.12,2.31,2.69,2.95
2/27/2017,0.44,0.5,0.68,0.81,1.2,1.46,1.87,2.18,2.36,2.72,2.98
2/28/2017,0.4,0.53,0.69,0.88,1.22,1.49,1.89,2.19,2.36,2.7,2.97
3/1/2017,0.46,0.63,0.79,0.92,1.29,1.57,1.99,2.29,2.46,2.81,3.06
3/2/2017,0.52,0.67,0.84,0.98,1.32,1.6,2.03,2.32,2.49,2.84,3.09
3/3/2017,0.56,0.71,0.84,0.98,1.32,1.59,2.02,2.32,2.49,2.83,3.08
3/6/2017,0.56,0.74,0.83,0.97,1.31,1.6,2.02,2.32,2.49,2.84,3.1
3/7/2017,0.55,0.76,0.87,1.02,1.32,1.62,2.05,2.34,2.52,2.85,3.11
3/8/2017,0.54,0.73,0.86,1.03,1.36,1.65,2.08,2.38,2.57,2.89,3.15
3/9/2017,0.5,0.73,0.88,1.04,1.37,1.67,2.13,2.43,2.6,2.94,3.19
3/10/2017,0.6,0.75,0.89,1.03,1.36,1.66,2.11,2.4,2.58,2.94,3.16
3/13/2017,0.69,0.79,0.93,1.06,1.4,1.69,2.14,2.43,2.62,2.97,3.2
3/14/2017,0.77,0.78,0.93,1.06,1.4,1.68,2.13,2.42,2.6,2.94,3.17
3/15/2017,0.71,0.73,0.89,1.02,1.33,1.59,2.02,2.31,2.51,2.87,3.11
3/16/2017,0.68,0.73,0.89,1.01,1.35,1.63,2.05,2.34,2.53,2.89,3.14
3/17/2017,0.71,0.73,0.87,1,1.33,1.6,2.03,2.31,2.5,2.86,3.11
3/20/2017,0.7,0.76,0.89,1.01,1.3,1.57,2,2.28,2.47,2.83,3.08
3/21/2017,0.76,0.77,0.91,1,1.27,1.54,1.96,2.24,2.43,2.79,3.04
3/22/2017,0.74,0.77,0.9,0.99,1.27,1.52,1.95,2.22,2.4,2.76,3.02
3/23/2017,0.73,0.76,0.9,0.99,1.26,1.52,1.95,2.23,2.41,2.76,3.02
3/24/2017,0.73,0.78,0.89,1,1.26,1.52,1.93,2.22,2.4,2.74,3
3/27/2017,0.73,0.78,0.91,1,1.27,1.51,1.93,2.2,2.38,2.73,2.98
3/28/2017,0.75,0.78,0.92,1.03,1.3,1.56,1.97,2.25,2.42,2.77,3.02
3/29/2017,0.76,0.78,0.92,1.04,1.26,1.53,1.93,2.21,2.39,2.74,2.99
3/30/2017,0.75,0.78,0.91,1.03,1.28,1.55,1.96,2.25,2.42,2.78,3.03
3/31/2017,0.74,0.76,0.91,1.03,1.27,1.5,1.93,2.22,2.4,2.76,3.02
4/3/2017,0.73,0.79,0.92,1.02,1.24,1.47,1.88,2.16,2.35,2.71,2.98
4/4/2017,0.77,0.79,0.92,1.03,1.25,1.47,1.88,2.16,2.36,2.72,2.99
4/5/2017,0.77,0.8,0.93,1.03,1.24,1.44,1.85,2.14,2.34,2.71,2.98
4/6/2017,0.78,0.79,0.94,1.05,1.24,1.45,1.87,2.15,2.34,2.72,2.99
4/7/2017,0.77,0.82,0.95,1.08,1.29,1.52,1.92,2.2,2.38,2.74,3
4/10/2017,0.77,0.82,0.97,1.07,1.29,1.52,1.91,2.18,2.37,2.72,2.99
4/11/2017,0.74,0.82,0.94,1.05,1.24,1.45,1.84,2.11,2.32,2.67,2.93
4/12/2017,0.77,0.81,0.95,1.04,1.24,1.44,1.81,2.09,2.28,2.65,2.92
4/13/2017,0.76,0.81,0.94,1.03,1.21,1.4,1.77,2.05,2.24,2.62,2.89
4/17/2017,0.76,0.83,0.94,1.04,1.21,1.42,1.79,2.07,2.26,2.65,2.92
4/18/2017,0.76,0.82,0.94,1.02,1.18,1.35,1.71,1.98,2.18,2.56,2.84
4/19/2017,0.75,0.81,0.94,1.02,1.19,1.38,1.74,2.02,2.21,2.59,2.87
4/20/2017,0.73,0.79,0.93,1.01,1.21,1.41,1.78,2.06,2.24,2.61,2.89
4/21/2017,0.72,0.79,0.92,0.99,1.2,1.4,1.77,2.05,2.24,2.61,2.89
4/24/2017,0.74,0.81,0.96,1.03,1.25,1.44,1.81,2.09,2.28,2.65,2.93
4/25/2017,0.73,0.82,0.98,1.09,1.29,1.49,1.87,2.15,2.35,2.71,2.99
4/26/2017,0.74,0.83,0.99,1.07,1.28,1.46,1.84,2.12,2.32,2.69,2.97
4/27/2017,0.7,0.81,0.98,1.06,1.25,1.44,1.81,2.1,2.3,2.68,2.96
4/28/2017,0.68,0.8,0.99,1.07,1.28,1.45,1.81,2.1,2.29,2.67,2.96
5/1/2017,0.67,0.83,0.98,1.09,1.28,1.48,1.84,2.13,2.33,2.71,3
5/2/2017,0.72,0.82,0.99,1.08,1.27,1.45,1.81,2.09,2.29,2.68,2.97
5/3/2017,0.73,0.85,1,1.1,1.3,1.5,1.86,2.14,2.33,2.7,2.97
5/4/2017,0.71,0.86,1,1.11,1.32,1.51,1.88,2.17,2.36,2.73,3
5/5/2017,0.71,0.9,1.01,1.1,1.32,1.52,1.89,2.17,2.36,2.73,2.99
5/8/2017,0.73,0.91,1.02,1.12,1.33,1.53,1.91,2.19,2.39,2.76,3.02
5/9/2017,0.74,0.91,1.04,1.14,1.37,1.57,1.94,2.22,2.42,2.79,3.04
5/10/2017,0.71,0.9,1.04,1.13,1.35,1.56,1.94,2.22,2.41,2.79,3.03
5/11/2017,0.68,0.89,1.04,1.13,1.35,1.55,1.93,2.2,2.39,2.78,3.03
5/12/2017,0.69,0.88,1.03,1.11,1.29,1.49,1.85,2.13,2.33,2.74,2.98
5/15/2017,0.73,0.9,1.02,1.11,1.31,1.49,1.86,2.14,2.34,2.76,3
5/16/2017,0.72,0.9,1.04,1.11,1.29,1.48,1.86,2.13,2.33,2.74,2.99
5/17/2017,0.72,0.9,1,1.08,1.26,1.42,1.76,2.03,2.22,2.65,2.91
5/18/2017,0.73,0.93,1.02,1.09,1.27,1.44,1.78,2.04,2.23,2.64,2.9
5/19/2017,0.71,0.92,1.03,1.1,1.28,1.45,1.79,2.05,2.23,2.63,2.9
5/22/2017,0.7,0.93,1.05,1.12,1.29,1.45,1.8,2.06,2.25,2.64,2.91
5/23/2017,0.76,0.92,1.08,1.14,1.31,1.49,1.84,2.1,2.29,2.68,2.95
5/24/2017,0.76,0.93,1.07,1.18,1.29,1.46,1.79,2.07,2.26,2.65,2.92
5/25/2017,0.72,0.94,1.08,1.16,1.3,1.46,1.78,2.06,2.25,2.65,2.92
5/26/2017,0.75,0.94,1.08,1.17,1.3,1.46,1.79,2.06,2.25,2.65,2.92
5/30/2017,0.77,0.93,1.07,1.16,1.28,1.44,1.76,2.02,2.21,2.61,2.88
5/31/2017,0.86,0.98,1.08,1.17,1.28,1.44,1.75,2.02,2.21,2.6,2.87
6/1/2017,0.82,0.98,1.07,1.16,1.28,1.45,1.76,2.02,2.21,2.6,2.87
6/2/2017,0.82,0.98,1.06,1.16,1.28,1.42,1.71,1.96,2.15,2.53,2.8
6/5/2017,0.83,0.96,1.06,1.16,1.32,1.45,1.74,1.99,2.18,2.56,2.84
6/6/2017,0.83,0.97,1.08,1.16,1.3,1.42,1.71,1.95,2.14,2.53,2.81
6/7/2017,0.84,1,1.09,1.17,1.32,1.45,1.74,1.99,2.18,2.56,2.84
6/8/2017,0.8,1.01,1.11,1.19,1.33,1.47,1.75,2,2.19,2.57,2.85
6/9/2017,0.8,1.01,1.13,1.2,1.35,1.5,1.77,2.02,2.21,2.59,2.86
6/12/2017,0.82,0.98,1.09,1.19,1.35,1.5,1.78,2.02,2.21,2.59,2.86
6/13/2017,0.89,1,1.12,1.22,1.38,1.51,1.79,2.02,2.21,2.6,2.87
6/14/2017,0.9,1.01,1.12,1.2,1.35,1.48,1.74,1.96,2.15,2.53,2.79
6/15/2017,0.86,1.02,1.13,1.21,1.35,1.49,1.76,1.98,2.16,2.52,2.78
6/16/2017,0.85,1.03,1.13,1.21,1.32,1.48,1.75,1.97,2.16,2.52,2.78
6/19/2017,0.85,1.02,1.13,1.22,1.36,1.52,1.8,2.02,2.19,2.53,2.79
6/20/2017,0.88,1.01,1.14,1.22,1.36,1.5,1.77,1.99,2.16,2.49,2.74
6/21/2017,0.85,0.99,1.12,1.22,1.36,1.5,1.78,2,2.16,2.48,2.73
6/22/2017,0.8,0.96,1.1,1.22,1.34,1.48,1.76,1.98,2.15,2.47,2.72
6/23/2017,0.76,0.97,1.1,1.21,1.34,1.48,1.77,1.98,2.15,2.48,2.71
6/26/2017,0.81,0.99,1.1,1.2,1.36,1.48,1.77,1.97,2.14,2.46,2.7
6/27/2017,0.89,1,1.13,1.22,1.38,1.53,1.83,2.04,2.21,2.52,2.75
6/28/2017,0.89,1.02,1.12,1.21,1.34,1.51,1.81,2.05,2.22,2.55,2.77
6/29/2017,0.88,1.04,1.14,1.23,1.38,1.53,1.85,2.1,2.27,2.59,2.82
6/30/2017,0.84,1.03,1.14,1.24,1.38,1.55,1.89,2.14,2.31,2.61,2.84
7/3/2017,0.96,1.06,1.13,1.24,1.41,1.6,1.93,2.19,2.35,2.65,2.86
7/5/2017,0.97,1.05,1.15,1.24,1.41,1.59,1.92,2.17,2.33,2.63,2.85
7/6/2017,0.95,1.04,1.14,1.23,1.4,1.6,1.94,2.21,2.37,2.68,2.9
7/7/2017,0.94,1.05,1.14,1.22,1.4,1.6,1.95,2.22,2.39,2.71,2.93
7/10/2017,0.95,1.04,1.13,1.23,1.4,1.59,1.93,2.2,2.38,2.7,2.93
7/11/2017,0.97,1.05,1.14,1.2,1.37,1.57,1.92,2.18,2.37,2.69,2.92
7/12/2017,0.94,1.05,1.13,1.21,1.35,1.53,1.88,2.14,2.33,2.65,2.89
7/13/2017,0.95,1.05,1.14,1.23,1.37,1.55,1.89,2.16,2.35,2.69,2.92
7/14/2017,0.93,1.04,1.12,1.22,1.35,1.54,1.87,2.13,2.33,2.67,2.91
7/17/2017,0.95,1.07,1.1,1.22,1.36,1.53,1.86,2.12,2.31,2.65,2.89
7/18/2017,0.95,1.07,1.11,1.19,1.36,1.52,1.82,2.08,2.27,2.61,2.85
7/19/2017,0.99,1.11,1.12,1.23,1.37,1.52,1.83,2.09,2.27,2.61,2.85
7/20/2017,1,1.15,1.12,1.22,1.37,1.51,1.82,2.08,2.27,2.6,2.83
7/21/2017,1,1.16,1.1,1.22,1.36,1.5,1.81,2.05,2.24,2.57,2.81
7/24/2017,1,1.17,1.12,1.23,1.37,1.53,1.83,2.07,2.26,2.59,2.83
7/25/2017,0.96,1.18,1.15,1.24,1.4,1.56,1.9,2.15,2.33,2.67,2.91
7/26/2017,1.02,1.13,1.14,1.23,1.36,1.5,1.83,2.09,2.29,2.65,2.89
7/27/2017,1.01,1.11,1.13,1.22,1.36,1.52,1.84,2.12,2.32,2.68,2.93
7/28/2017,1,1.08,1.13,1.22,1.34,1.51,1.83,2.1,2.3,2.65,2.89
7/31/2017,1,1.07,1.13,1.23,1.34,1.51,1.84,2.11,2.3,2.66,2.89
8/1/2017,1,1.08,1.15,1.22,1.34,1.5,1.8,2.07,2.26,2.61,2.86
8/2/2017,1.02,1.08,1.15,1.24,1.36,1.52,1.82,2.08,2.27,2.6,2.85
8/3/2017,1,1.08,1.13,1.22,1.34,1.49,1.79,2.05,2.24,2.56,2.81
8/4/2017,1,1.08,1.14,1.23,1.36,1.51,1.82,2.08,2.27,2.61,2.84
8/7/2017,0.99,1.02,1.14,1.22,1.36,1.52,1.81,2.07,2.26,2.6,2.84
8/8/2017,1,1.06,1.16,1.24,1.36,1.53,1.84,2.1,2.29,2.63,2.86
8/9/2017,1.01,1.06,1.15,1.21,1.33,1.5,1.81,2.06,2.24,2.59,2.82
8/10/2017,1.02,1.05,1.14,1.22,1.33,1.49,1.78,2.03,2.2,2.55,2.79
8/11/2017,0.99,1.03,1.14,1.21,1.3,1.43,1.74,2,2.19,2.55,2.79
8/14/2017,0.95,1.02,1.13,1.23,1.33,1.48,1.77,2.04,2.22,2.57,2.81
8/15/2017,0.97,1.04,1.16,1.23,1.35,1.51,1.83,2.09,2.27,2.6,2.84
8/16/2017,0.97,1.02,1.13,1.24,1.33,1.49,1.79,2.04,2.23,2.58,2.81
8/17/2017,0.95,1,1.11,1.24,1.32,1.46,1.76,2.01,2.19,2.54,2.78
8/18/2017,0.97,1.02,1.13,1.24,1.33,1.47,1.77,2.01,2.19,2.54,2.78
8/21/2017,0.95,1,1.11,1.23,1.32,1.46,1.76,2,2.18,2.52,2.77
8/22/2017,0.93,1,1.13,1.24,1.33,1.48,1.8,2.04,2.22,2.55,2.79
8/23/2017,0.98,1,1.11,1.22,1.32,1.45,1.76,1.99,2.17,2.51,2.75
8/24/2017,0.98,1.02,1.11,1.23,1.33,1.47,1.78,2.01,2.19,2.53,2.77
8/25/2017,0.99,1.03,1.11,1.23,1.35,1.47,1.77,2,2.17,2.51,2.75
8/28/2017,0.99,0.98,1.12,1.24,1.33,1.46,1.74,1.99,2.16,2.51,2.76
8/29/2017,0.96,1.03,1.13,1.23,1.33,1.43,1.7,1.96,2.13,2.48,2.74
8/30/2017,0.96,1.03,1.11,1.23,1.33,1.44,1.72,1.97,2.15,2.49,2.75
8/31/2017,0.95,1.01,1.08,1.23,1.33,1.44,1.7,1.95,2.12,2.47,2.73
9/1/2017,0.96,1.02,1.1,1.24,1.35,1.46,1.73,1.99,2.16,2.51,2.77
9/5/2017,1.3,1.03,1.13,1.23,1.3,1.4,1.65,1.9,2.07,2.43,2.69
9/6/2017,1.04,1.07,1.17,1.24,1.3,1.42,1.69,1.93,2.1,2.46,2.72
9/7/2017,0.98,1.05,1.15,1.21,1.27,1.38,1.63,1.88,2.05,2.4,2.66
9/8/2017,0.96,1.04,1.14,1.22,1.27,1.39,1.64,1.89,2.06,2.41,2.67
9/11/2017,0.97,1.05,1.16,1.24,1.32,1.44,1.71,1.96,2.14,2.49,2.75
9/12/2017,0.99,1.03,1.16,1.27,1.33,1.46,1.75,1.99,2.17,2.52,2.78
9/13/2017,0.99,1.04,1.16,1.27,1.35,1.48,1.78,2.01,2.2,2.53,2.79
9/14/2017,0.99,1.05,1.17,1.28,1.37,1.5,1.79,2.01,2.2,2.52,2.77
9/15/2017,0.98,1.05,1.17,1.3,1.39,1.53,1.81,2.04,2.2,2.52,2.77
9/18/2017,0.96,1.05,1.18,1.3,1.4,1.54,1.83,2.06,2.23,2.56,2.8
9/19/2017,0.97,1.04,1.19,1.31,1.4,1.55,1.84,2.07,2.24,2.57,2.81
9/20/2017,0.98,1.04,1.2,1.32,1.45,1.6,1.89,2.12,2.28,2.59,2.82
9/21/2017,0.99,1.04,1.19,1.31,1.45,1.59,1.89,2.11,2.27,2.57,2.8
9/22/2017,0.97,1.03,1.19,1.3,1.46,1.58,1.88,2.1,2.26,2.57,2.8
9/25/2017,0.97,1.05,1.19,1.3,1.44,1.56,1.85,2.07,2.22,2.53,2.76
9/26/2017,0.96,1.06,1.19,1.31,1.45,1.57,1.87,2.08,2.24,2.54,2.78
9/27/2017,0.99,1.07,1.2,1.33,1.47,1.6,1.91,2.14,2.31,2.62,2.86
9/28/2017,0.97,1.06,1.18,1.31,1.45,1.59,1.89,2.13,2.31,2.63,2.87
9/29/2017,0.96,1.06,1.2,1.31,1.47,1.62,1.92,2.16,2.33,2.63,2.86
10/2/2017,0.95,1.01,1.22,1.31,1.49,1.63,1.94,2.17,2.34,2.64,2.87
10/3/2017,1.01,1.07,1.21,1.32,1.47,1.62,1.92,2.15,2.33,2.63,2.87
10/4/2017,1,1.08,1.21,1.33,1.47,1.62,1.92,2.15,2.33,2.64,2.87
10/5/2017,1.02,1.07,1.21,1.35,1.49,1.63,1.94,2.17,2.35,2.65,2.89
10/6/2017,1.03,1.07,1.22,1.35,1.54,1.66,1.97,2.2,2.37,2.68,2.91
10/10/2017,1.03,1.08,1.26,1.42,1.51,1.64,1.95,2.18,2.35,2.65,2.88
10/11/2017,1.04,1.1,1.25,1.4,1.51,1.66,1.95,2.17,2.35,2.64,2.88
10/12/2017,0.99,1.09,1.27,1.41,1.51,1.66,1.95,2.16,2.33,2.62,2.86
10/13/2017,0.97,1.09,1.26,1.39,1.51,1.64,1.91,2.12,2.28,2.58,2.81
10/16/2017,0.97,1.1,1.24,1.42,1.54,1.68,1.95,2.15,2.3,2.58,2.82
10/17/2017,0.99,1.09,1.25,1.41,1.54,1.69,1.97,2.15,2.3,2.58,2.8
10/18/2017,0.99,1.09,1.24,1.42,1.59,1.7,1.99,2.19,2.34,2.62,2.85
10/19/2017,0.99,1.1,1.25,1.41,1.58,1.69,1.98,2.18,2.33,2.6,2.83
10/20/2017,0.99,1.11,1.27,1.43,1.6,1.72,2.03,2.24,2.39,2.67,2.89
10/23/2017,1,1.09,1.25,1.42,1.58,1.7,2.01,2.22,2.38,2.66,2.89
10/24/2017,1,1.12,1.27,1.43,1.6,1.73,2.05,2.26,2.42,2.7,2.92
10/25/2017,1.01,1.12,1.27,1.43,1.61,1.74,2.06,2.28,2.44,2.72,2.95
10/26/2017,0.99,1.11,1.29,1.43,1.63,1.76,2.07,2.3,2.46,2.74,2.96
10/27/2017,0.98,1.1,1.28,1.42,1.59,1.73,2.03,2.26,2.42,2.71,2.93
10/30/2017,0.97,1.12,1.24,1.42,1.58,1.71,2,2.22,2.37,2.66,2.88
10/31/2017,0.99,1.15,1.28,1.43,1.6,1.73,2.01,2.23,2.38,2.66,2.88
11/1/2017,1.06,1.18,1.3,1.46,1.61,1.74,2.01,2.22,2.37,2.63,2.85
11/2/2017,1.02,1.17,1.29,1.46,1.61,1.73,2,2.21,2.35,2.61,2.83
11/3/2017,1.02,1.18,1.31,1.49,1.63,1.74,1.99,2.19,2.34,2.59,2.82
11/6/2017,1.03,1.19,1.3,1.5,1.61,1.73,1.99,2.17,2.32,2.58,2.8
11/7/2017,1.05,1.22,1.33,1.49,1.63,1.75,1.99,2.17,2.32,2.56,2.77
11/8/2017,1.05,1.23,1.35,1.53,1.65,1.77,2.01,2.19,2.32,2.57,2.79
11/9/2017,1.07,1.24,1.36,1.53,1.63,1.75,2.01,2.2,2.33,2.59,2.81
11/10/2017,1.06,1.23,1.37,1.54,1.67,1.79,2.06,2.27,2.4,2.67,2.88
11/13/2017,1.07,1.24,1.37,1.55,1.7,1.82,2.08,2.27,2.4,2.67,2.87
11/14/2017,1.06,1.26,1.4,1.55,1.68,1.81,2.06,2.26,2.38,2.64,2.84
11/15/2017,1.08,1.25,1.39,1.55,1.68,1.79,2.04,2.21,2.33,2.58,2.77
11/16/2017,1.08,1.27,1.42,1.59,1.72,1.83,2.07,2.25,2.37,2.62,2.81
11/17/2017,1.08,1.29,1.42,1.6,1.73,1.83,2.06,2.23,2.35,2.59,2.78
11/20/2017,1.09,1.3,1.46,1.62,1.77,1.86,2.09,2.26,2.37,2.6,2.78
11/21/2017,1.15,1.3,1.45,1.62,1.77,1.88,2.11,2.27,2.36,2.58,2.76
11/22/2017,1.16,1.29,1.45,1.61,1.74,1.84,2.05,2.22,2.32,2.57,2.75
11/24/2017,1.14,1.29,1.45,1.61,1.75,1.85,2.07,2.23,2.34,2.58,2.76
11/27/2017,1.15,1.27,1.41,1.62,1.74,1.84,2.06,2.21,2.32,2.57,2.76
11/28/2017,1.16,1.3,1.46,1.61,1.75,1.85,2.07,2.24,2.34,2.58,2.77
11/29/2017,1.17,1.29,1.45,1.61,1.78,1.86,2.09,2.27,2.37,2.62,2.81
11/30/2017,1.14,1.27,1.44,1.62,1.78,1.9,2.14,2.31,2.42,2.65,2.83
12/1/2017,1.14,1.27,1.45,1.62,1.78,1.9,2.13,2.28,2.37,2.58,2.76
12/4/2017,1.16,1.29,1.45,1.66,1.8,1.93,2.15,2.29,2.37,2.58,2.77
12/5/2017,1.21,1.3,1.48,1.64,1.83,1.94,2.15,2.28,2.36,2.55,2.73
12/6/2017,1.18,1.3,1.48,1.68,1.78,1.92,2.11,2.25,2.33,2.53,2.71
12/7/2017,1.16,1.29,1.47,1.67,1.8,1.92,2.14,2.29,2.37,2.58,2.76
12/8/2017,1.14,1.28,1.45,1.65,1.8,1.92,2.14,2.29,2.38,2.59,2.77
12/11/2017,1.18,1.33,1.47,1.69,1.82,1.95,2.16,2.3,2.39,2.59,2.77
12/12/2017,1.26,1.34,1.49,1.7,1.83,1.95,2.18,2.32,2.4,2.6,2.79
12/13/2017,1.22,1.3,1.47,1.68,1.79,1.9,2.12,2.26,2.36,2.56,2.74
12/14/2017,1.21,1.32,1.48,1.7,1.82,1.92,2.14,2.27,2.35,2.53,2.71
12/15/2017,1.24,1.31,1.48,1.71,1.84,1.95,2.16,2.28,2.35,2.52,2.68
12/18/2017,1.26,1.38,1.51,1.7,1.84,1.94,2.17,2.3,2.39,2.57,2.74
12/19/2017,1.25,1.37,1.51,1.71,1.87,1.97,2.23,2.37,2.46,2.66,2.82
12/20/2017,1.22,1.38,1.51,1.72,1.87,1.98,2.24,2.4,2.49,2.71,2.88
12/21/2017,1.21,1.35,1.54,1.73,1.89,2.01,2.26,2.39,2.48,2.68,2.84
12/22/2017,1.15,1.33,1.54,1.73,1.91,2.01,2.26,2.4,2.48,2.68,2.83
12/26/2017,1.24,1.47,1.52,1.75,1.92,2.02,2.25,2.38,2.47,2.66,2.82
12/27/2017,1.18,1.44,1.53,1.75,1.89,1.99,2.22,2.34,2.42,2.59,2.75
12/28/2017,1.19,1.39,1.54,1.76,1.91,2,2.23,2.36,2.43,2.6,2.75
12/29/2017,1.28,1.39,1.53,1.76,1.89,1.98,2.2,2.33,2.4,2.58,2.74
1/2/2018,1.29,1.44,1.61,1.83,1.92,2.01,2.25,2.38,2.46,2.64,2.81
1/3/2018,1.29,1.41,1.59,1.81,1.94,2.02,2.25,2.37,2.44,2.62,2.78
1/4/2018,1.28,1.41,1.6,1.82,1.96,2.05,2.27,2.38,2.46,2.62,2.79
1/5/2018,1.27,1.39,1.58,1.8,1.96,2.06,2.29,2.4,2.47,2.64,2.81
1/8/2018,1.3,1.45,1.6,1.79,1.96,2.07,2.29,2.41,2.49,2.65,2.81
1/9/2018,1.27,1.44,1.6,1.78,1.98,2.09,2.33,2.46,2.55,2.72,2.88
1/10/2018,1.31,1.42,1.59,1.78,1.98,2.08,2.32,2.47,2.55,2.73,2.88
1/11/2018,1.32,1.43,1.58,1.77,1.98,2.09,2.32,2.46,2.54,2.72,2.91
1/12/2018,1.31,1.43,1.59,1.78,1.99,2.12,2.35,2.48,2.55,2.71,2.85
1/16/2018,1.33,1.45,1.63,1.79,2.03,2.12,2.36,2.48,2.54,2.69,2.83
1/17/2018,1.31,1.44,1.63,1.79,2.05,2.15,2.39,2.51,2.57,2.71,2.84
1/18/2018,1.29,1.45,1.63,1.79,2.05,2.17,2.43,2.55,2.62,2.77,2.9
1/19/2018,1.28,1.44,1.62,1.79,2.06,2.2,2.45,2.57,2.64,2.78,2.91
1/22/2018,1.27,1.44,1.65,1.79,2.08,2.21,2.46,2.59,2.66,2.79,2.93
1/23/2018,1.26,1.44,1.63,1.78,2.06,2.18,2.43,2.55,2.63,2.77,2.9
1/24/2018,1.25,1.43,1.63,1.79,2.08,2.2,2.43,2.57,2.65,2.8,2.93
1/25/2018,1.23,1.42,1.64,1.8,2.08,2.2,2.41,2.55,2.63,2.76,2.89
1/26/2018,1.24,1.41,1.64,1.8,2.13,2.24,2.47,2.6,2.66,2.79,2.91
1/29/2018,1.28,1.44,1.66,1.8,2.11,2.26,2.49,2.63,2.7,2.82,2.94
1/30/2018,1.49,1.44,1.66,1.88,2.13,2.27,2.51,2.65,2.73,2.86,2.98
1/31/2018,1.43,1.46,1.66,1.9,2.14,2.29,2.52,2.66,2.72,2.83,2.95
2/1/2018,1.41,1.48,1.64,1.89,2.16,2.33,2.56,2.72,2.78,2.9,3.01
2/2/2018,1.4,1.48,1.65,1.88,2.15,2.33,2.58,2.76,2.84,2.97,3.08
2/5/2018,1.4,1.51,1.67,1.85,2.08,2.25,2.5,2.68,2.77,2.92,3.04
2/6/2018,1.48,1.52,1.69,1.87,2.1,2.3,2.52,2.7,2.79,2.94,3.06
2/7/2018,1.36,1.55,1.73,1.91,2.15,2.33,2.57,2.75,2.84,3.01,3.12
2/8/2018,1.32,1.55,1.73,1.91,2.13,2.32,2.57,2.76,2.85,3.03,3.14
2/9/2018,1.31,1.55,1.73,1.89,2.05,2.26,2.52,2.72,2.83,3.02,3.14
2/12/2018,1.35,1.62,1.82,1.93,2.09,2.3,2.56,2.77,2.86,3.02,3.14
2/13/2018,1.34,1.59,1.8,1.95,2.1,2.3,2.54,2.74,2.83,2.99,3.11
2/14/2018,1.32,1.58,1.81,1.98,2.17,2.4,2.65,2.84,2.91,3.07,3.18
2/15/2018,1.3,1.58,1.82,1.99,2.19,2.4,2.65,2.83,2.9,3.04,3.15
2/16/2018,1.35,1.62,1.83,2,2.21,2.38,2.63,2.81,2.87,3.02,3.13
2/20/2018,1.39,1.66,1.87,2.01,2.25,2.4,2.65,2.81,2.88,3.04,3.15
2/21/2018,1.4,1.64,1.85,2.03,2.26,2.44,2.69,2.86,2.94,3.11,3.22
2/22/2018,1.34,1.63,1.84,2.02,2.25,2.42,2.66,2.84,2.92,3.09,3.21
2/23/2018,1.38,1.64,1.85,2.02,2.25,2.39,2.62,2.79,2.88,3.04,3.16
2/26/2018,1.39,1.66,1.87,2.03,2.22,2.37,2.6,2.77,2.86,3.03,3.15
2/27/2018,1.49,1.66,1.87,2.08,2.27,2.43,2.67,2.83,2.9,3.06,3.17
2/28/2018,1.5,1.65,1.86,2.07,2.25,2.42,2.65,2.8,2.87,3.02,3.13
3/1/2018,1.5,1.63,1.85,2.05,2.22,2.36,2.58,2.74,2.81,2.97,3.09
3/2/2018,1.5,1.65,1.86,2.06,2.25,2.4,2.63,2.79,2.86,3.02,3.14
3/5/2018,1.53,1.7,1.86,2.06,2.24,2.41,2.65,2.81,2.88,3.04,3.16
3/6/2018,1.56,1.68,1.87,2.06,2.25,2.42,2.65,2.81,2.88,3.03,3.14
3/7/2018,1.57,1.68,1.87,2.05,2.25,2.42,2.65,2.81,2.89,3.04,3.15
3/8/2018,1.57,1.67,1.89,2.05,2.25,2.42,2.63,2.79,2.86,3.01,3.13
3/9/2018,1.57,1.67,1.89,2.03,2.27,2.45,2.65,2.82,2.9,3.04,3.16
3/12/2018,1.6,1.71,1.89,2.05,2.27,2.43,2.64,2.79,2.87,3,3.13
3/13/2018,1.64,1.73,1.9,2.03,2.26,2.41,2.62,2.77,2.84,2.98,3.1
3/14/2018,1.71,1.76,1.94,2.05,2.26,2.41,2.61,2.75,2.81,2.94,3.05
3/15/2018,1.7,1.77,1.95,2.07,2.29,2.42,2.62,2.76,2.82,2.94,3.05
3/16/2018,1.71,1.78,1.96,2.08,2.31,2.44,2.65,2.78,2.85,2.96,3.08
3/19/2018,1.7,1.8,1.99,2.08,2.31,2.45,2.65,2.78,2.85,2.97,3.09
3/20/2018,1.76,1.81,1.97,2.08,2.34,2.49,2.69,2.82,2.89,3.01,3.12
3/21/2018,1.71,1.74,1.95,2.06,2.31,2.46,2.69,2.82,2.89,3.01,3.12
3/22/2018,1.67,1.72,1.95,2.05,2.29,2.43,2.63,2.76,2.83,2.94,3.06
3/23/2018,1.69,1.74,1.92,2.04,2.28,2.41,2.61,2.74,2.82,2.94,3.06
3/26/2018,1.71,1.79,1.94,2.06,2.33,2.44,2.64,2.78,2.85,2.96,3.08
3/27/2018,1.69,1.77,1.93,2.1,2.26,2.39,2.58,2.7,2.78,2.9,3.03
3/28/2018,1.65,1.73,1.95,2.12,2.28,2.41,2.59,2.72,2.77,2.89,3.01
3/29/2018,1.63,1.73,1.93,2.09,2.27,2.39,2.56,2.68,2.74,2.85,2.97
4/2/2018,1.68,1.77,1.92,2.08,2.25,2.37,2.55,2.67,2.73,2.85,2.97
4/3/2018,1.7,1.75,1.92,2.09,2.28,2.41,2.6,2.73,2.79,2.9,3.02
4/4/2018,1.67,1.71,1.9,2.07,2.28,2.42,2.61,2.73,2.79,2.91,3.03
4/5/2018,1.67,1.72,1.93,2.07,2.3,2.45,2.64,2.76,2.83,2.95,3.07
4/6/2018,1.68,1.73,1.91,2.06,2.27,2.4,2.58,2.7,2.77,2.89,3.01
4/9/2018,1.67,1.76,1.93,2.08,2.29,2.43,2.6,2.72,2.78,2.89,3.02
4/10/2018,1.63,1.74,1.93,2.09,2.32,2.45,2.62,2.74,2.8,2.89,3.02
4/11/2018,1.64,1.73,1.95,2.09,2.32,2.45,2.62,2.72,2.79,2.87,2.99
4/12/2018,1.65,1.75,1.95,2.11,2.34,2.49,2.67,2.78,2.83,2.92,3.05
4/13/2018,1.64,1.76,1.97,2.12,2.37,2.51,2.67,2.77,2.82,2.91,3.03
4/16/2018,1.64,1.79,1.98,2.12,2.39,2.52,2.69,2.78,2.83,2.91,3.03
4/17/2018,1.68,1.8,2.02,2.16,2.41,2.52,2.68,2.77,2.82,2.89,3
4/18/2018,1.67,1.81,2.01,2.17,2.42,2.57,2.73,2.83,2.87,2.95,3.06
4/19/2018,1.67,1.82,2.01,2.21,2.44,2.58,2.77,2.87,2.92,3.01,3.11
4/20/2018,1.65,1.81,2.01,2.22,2.46,2.62,2.8,2.91,2.96,3.04,3.14
4/23/2018,1.69,1.87,2.04,2.25,2.49,2.64,2.83,2.94,2.98,3.05,3.15
4/24/2018,1.7,1.87,2.05,2.25,2.48,2.63,2.83,2.95,3,3.08,3.18
4/25/2018,1.65,1.85,2.03,2.26,2.49,2.64,2.84,2.97,3.03,3.12,3.21
4/26/2018,1.62,1.82,2.02,2.25,2.49,2.63,2.82,2.95,3,3.08,3.18
4/27/2018,1.62,1.82,2.02,2.24,2.49,2.62,2.8,2.92,2.96,3.03,3.13
4/30/2018,1.65,1.87,2.04,2.24,2.49,2.62,2.79,2.91,2.95,3.01,3.11
5/1/2018,1.68,1.85,2.05,2.26,2.5,2.66,2.82,2.93,2.97,3.03,3.13
5/2/2018,1.69,1.84,2.03,2.24,2.49,2.64,2.8,2.92,2.97,3.04,3.14
5/3/2018,1.68,1.84,2.02,2.24,2.49,2.62,2.78,2.9,2.94,3.02,3.12
5/4/2018,1.67,1.84,2.03,2.24,2.51,2.63,2.78,2.9,2.95,3.02,3.12
5/7/2018,1.69,1.86,2.05,2.25,2.49,2.64,2.78,2.9,2.95,3.02,3.12
5/8/2018,1.69,1.87,2.05,2.26,2.51,2.66,2.81,2.93,2.97,3.04,3.13
5/9/2018,1.68,1.88,2.05,2.27,2.54,2.68,2.84,2.96,3,3.07,3.16
5/10/2018,1.69,1.9,2.05,2.27,2.54,2.69,2.83,2.94,2.97,3.04,3.12
5/11/2018,1.68,1.92,2.06,2.28,2.54,2.69,2.84,2.94,2.97,3.03,3.1
5/14/2018,1.7,1.93,2.09,2.28,2.55,2.7,2.85,2.96,3,3.06,3.13
5/15/2018,1.69,1.92,2.09,2.31,2.58,2.75,2.92,3.04,3.08,3.14,3.2
5/16/2018,1.69,1.92,2.09,2.32,2.58,2.76,2.94,3.05,3.09,3.16,3.21
5/17/2018,1.7,1.92,2.1,2.32,2.57,2.75,2.94,3.07,3.11,3.19,3.25
5/18/2018,1.68,1.91,2.09,2.32,2.55,2.71,2.9,3.02,3.06,3.14,3.2
5/21/2018,1.71,1.93,2.14,2.35,2.58,2.73,2.9,3.02,3.06,3.13,3.2
5/22/2018,1.73,1.93,2.13,2.34,2.59,2.73,2.9,3.02,3.06,3.14,3.21
5/23/2018,1.76,1.92,2.11,2.29,2.53,2.67,2.83,2.95,3.01,3.09,3.17
5/24/2018,1.74,1.91,2.09,2.28,2.5,2.65,2.82,2.93,2.98,3.06,3.13
5/25/2018,1.7,1.9,2.07,2.27,2.48,2.6,2.76,2.88,2.93,3.01,3.09
5/29/2018,1.77,1.93,2.06,2.17,2.32,2.43,2.58,2.71,2.77,2.87,2.96
5/30/2018,1.77,1.94,2.08,2.23,2.42,2.53,2.67,2.79,2.84,2.93,3.01
5/31/2018,1.76,1.93,2.08,2.23,2.4,2.54,2.68,2.78,2.83,2.91,3
6/1/2018,1.74,1.92,2.1,2.28,2.47,2.61,2.74,2.85,2.89,2.96,3.04
6/4/2018,1.77,1.94,2.13,2.3,2.52,2.64,2.78,2.89,2.94,3,3.08
6/5/2018,1.82,1.94,2.13,2.32,2.49,2.62,2.76,2.87,2.92,2.99,3.07
6/6/2018,1.81,1.95,2.13,2.32,2.52,2.65,2.81,2.93,2.97,3.05,3.13
6/7/2018,1.78,1.94,2.12,2.31,2.5,2.63,2.77,2.88,2.93,3,3.08
6/8/2018,1.78,1.93,2.12,2.3,2.5,2.63,2.77,2.88,2.93,3,3.08
6/11/2018,1.82,1.94,2.11,2.32,2.52,2.66,2.8,2.91,2.96,3.02,3.1
6/12/2018,1.81,1.92,2.1,2.31,2.54,2.67,2.81,2.91,2.96,3.02,3.09
6/13/2018,1.82,1.94,2.09,2.35,2.59,2.71,2.85,2.95,2.98,3.04,3.1
6/14/2018,1.81,1.94,2.07,2.35,2.59,2.69,2.81,2.9,2.94,2.99,3.05
6/15/2018,1.82,1.94,2.07,2.35,2.55,2.68,2.81,2.89,2.93,2.98,3.05
6/18/2018,1.84,1.94,2.13,2.35,2.56,2.67,2.8,2.89,2.92,2.98,3.05
6/19/2018,1.85,1.94,2.13,2.34,2.54,2.64,2.77,2.84,2.89,2.95,3.02
6/20/2018,1.85,1.94,2.14,2.36,2.56,2.67,2.8,2.89,2.93,2.99,3.06
6/21/2018,1.85,1.94,2.12,2.34,2.56,2.65,2.77,2.86,2.9,2.97,3.04
6/22/2018,1.83,1.93,2.11,2.33,2.56,2.65,2.77,2.86,2.9,2.97,3.04
6/25/2018,1.8,1.93,2.13,2.34,2.54,2.63,2.75,2.83,2.87,2.95,3.02
6/26/2018,1.79,1.93,2.14,2.33,2.53,2.63,2.75,2.84,2.88,2.95,3.03
6/27/2018,1.79,1.93,2.1,2.33,2.52,2.59,2.71,2.79,2.83,2.9,2.97
6/28/2018,1.76,1.93,2.11,2.33,2.52,2.6,2.73,2.81,2.84,2.91,2.97
6/29/2018,1.77,1.93,2.11,2.33,2.52,2.63,2.73,2.81,2.85,2.91,2.98
7/2/2018,1.9,1.98,2.14,2.34,2.57,2.65,2.75,2.83,2.87,2.92,2.99
7/3/2018,1.91,1.98,2.12,2.33,2.53,2.63,2.72,2.79,2.83,2.89,2.96
7/5/2018,1.87,1.96,2.11,2.32,2.55,2.65,2.74,2.8,2.84,2.88,2.95
7/6/2018,1.86,1.97,2.13,2.34,2.53,2.64,2.71,2.78,2.82,2.87,2.94
7/9/2018,1.87,1.98,2.15,2.34,2.57,2.66,2.75,2.82,2.86,2.9,2.96
7/10/2018,1.88,1.99,2.15,2.36,2.59,2.69,2.77,2.83,2.87,2.91,2.97
7/11/2018,1.89,1.97,2.14,2.36,2.58,2.67,2.74,2.82,2.85,2.89,2.95
7/12/2018,1.89,1.98,2.17,2.39,2.6,2.68,2.75,2.83,2.85,2.89,2.95
7/13/2018,1.87,1.98,2.16,2.37,2.59,2.66,2.73,2.8,2.83,2.87,2.94
7/16/2018,1.9,2.01,2.19,2.39,2.59,2.67,2.75,2.82,2.85,2.9,2.96
7/17/2018,1.93,2.02,2.19,2.39,2.62,2.69,2.76,2.83,2.86,2.91,2.97
7/18/2018,1.9,2,2.17,2.43,2.6,2.69,2.77,2.84,2.88,2.93,2.99
7/19/2018,1.89,2,2.16,2.4,2.6,2.67,2.74,2.81,2.84,2.9,2.96
7/20/2018,1.86,1.99,2.16,2.41,2.6,2.68,2.77,2.85,2.89,2.96,3.03
7/23/2018,1.88,1.99,2.19,2.42,2.64,2.72,2.83,2.92,2.96,3.04,3.1
7/24/2018,1.92,2.02,2.19,2.42,2.63,2.74,2.83,2.91,2.95,3.02,3.08
7/25/2018,1.9,2.01,2.2,2.42,2.66,2.74,2.82,2.9,2.94,3,3.06
7/26/2018,1.89,1.99,2.19,2.41,2.69,2.78,2.86,2.95,2.98,3.05,3.1
7/27/2018,1.9,2,2.2,2.43,2.67,2.76,2.84,2.92,2.96,3.03,3.09
7/30/2018,1.91,2.04,2.21,2.43,2.66,2.77,2.85,2.94,2.98,3.05,3.11
7/31/2018,1.94,2.03,2.21,2.44,2.67,2.77,2.85,2.92,2.96,3.03,3.08
8/1/2018,1.93,2.03,2.22,2.45,2.67,2.78,2.87,2.96,3,3.07,3.13
8/2/2018,1.89,2.02,2.22,2.45,2.66,2.76,2.85,2.93,2.98,3.06,3.12
8/3/2018,1.9,2.01,2.23,2.43,2.63,2.74,2.82,2.91,2.95,3.03,3.09
8/6/2018,1.92,2.05,2.23,2.44,2.64,2.73,2.8,2.89,2.94,3.02,3.08
8/7/2018,1.96,2.06,2.23,2.45,2.68,2.76,2.84,2.92,2.98,3.06,3.12
8/8/2018,1.93,2.06,2.24,2.44,2.68,2.77,2.83,2.92,2.96,3.05,3.12
8/9/2018,1.91,2.06,2.25,2.44,2.64,2.74,2.8,2.89,2.93,3.01,3.08
8/10/2018,1.92,2.05,2.23,2.42,2.61,2.68,2.75,2.82,2.87,2.96,3.03
8/13/2018,1.93,2.06,2.22,2.42,2.61,2.68,2.75,2.82,2.88,2.97,3.05
8/14/2018,1.96,2.08,2.25,2.44,2.63,2.71,2.77,2.84,2.89,2.98,3.06
8/15/2018,1.96,2.07,2.23,2.45,2.61,2.68,2.73,2.81,2.86,2.95,3.03
8/16/2018,1.96,2.07,2.24,2.45,2.63,2.7,2.75,2.82,2.87,2.95,3.03
8/17/2018,1.95,2.05,2.24,2.44,2.61,2.68,2.75,2.82,2.87,2.95,3.03
8/20/2018,1.93,2.06,2.25,2.43,2.6,2.65,2.7,2.77,2.82,2.91,2.99
8/21/2018,1.94,2.08,2.25,2.45,2.61,2.67,2.73,2.8,2.85,2.93,3
8/22/2018,1.95,2.09,2.24,2.43,2.6,2.65,2.7,2.77,2.82,2.91,2.99
8/23/2018,1.94,2.08,2.23,2.43,2.61,2.66,2.72,2.78,2.82,2.9,2.97
8/24/2018,1.95,2.09,2.25,2.44,2.63,2.68,2.72,2.78,2.82,2.89,2.97
8/27/2018,1.96,2.12,2.25,2.47,2.67,2.7,2.74,2.81,2.85,2.92,3
8/28/2018,1.96,2.13,2.28,2.47,2.67,2.73,2.77,2.84,2.88,2.96,3.03
8/29/2018,1.97,2.13,2.28,2.48,2.67,2.75,2.78,2.85,2.89,2.96,3.02
8/30/2018,1.97,2.11,2.28,2.47,2.64,2.72,2.75,2.82,2.86,2.93,3
8/31/2018,1.95,2.11,2.28,2.46,2.62,2.7,2.74,2.81,2.86,2.95,3.02
9/4/2018,2,2.13,2.29,2.49,2.66,2.73,2.78,2.85,2.9,2.99,3.07
9/5/2018,2,2.14,2.3,2.49,2.66,2.72,2.77,2.85,2.9,3,3.08
9/6/2018,1.98,2.13,2.3,2.5,2.64,2.71,2.76,2.83,2.88,2.98,3.06
9/7/2018,1.98,2.14,2.3,2.53,2.71,2.78,2.82,2.89,2.94,3.03,3.11
9/10/2018,1.98,2.14,2.32,2.54,2.73,2.78,2.83,2.89,2.94,3.02,3.09
9/11/2018,2.02,2.15,2.31,2.55,2.76,2.83,2.87,2.94,2.98,3.06,3.13
9/12/2018,2.01,2.16,2.33,2.56,2.74,2.82,2.87,2.93,2.97,3.04,3.11
9/13/2018,2.01,2.15,2.33,2.55,2.76,2.83,2.87,2.93,2.97,3.04,3.11
9/14/2018,2.02,2.16,2.33,2.56,2.78,2.85,2.9,2.96,2.99,3.07,3.13
9/17/2018,2.02,2.16,2.35,2.57,2.78,2.85,2.89,2.96,2.99,3.07,3.13
9/18/2018,2.05,2.17,2.36,2.58,2.81,2.88,2.94,3.01,3.05,3.14,3.2
9/19/2018,2.03,2.16,2.36,2.58,2.81,2.89,2.96,3.04,3.08,3.16,3.23
9/20/2018,2.03,2.17,2.37,2.58,2.81,2.89,2.96,3.03,3.07,3.15,3.21
9/21/2018,2.05,2.18,2.38,2.58,2.81,2.89,2.95,3.03,3.07,3.14,3.2
9/24/2018,2.07,2.22,2.38,2.6,2.83,2.89,2.96,3.04,3.08,3.15,3.21
9/25/2018,2.12,2.21,2.38,2.59,2.83,2.91,2.99,3.06,3.1,3.17,3.23
9/26/2018,2.11,2.2,2.37,2.58,2.83,2.89,2.96,3.02,3.06,3.14,3.19
9/27/2018,2.1,2.18,2.37,2.58,2.83,2.89,2.96,3.02,3.06,3.13,3.19
9/28/2018,2.12,2.19,2.36,2.59,2.81,2.88,2.94,3.01,3.05,3.13,3.19
10/1/2018,2.13,2.23,2.4,2.6,2.82,2.9,2.96,3.04,3.09,3.18,3.24
10/2/2018,2.14,2.23,2.41,2.61,2.82,2.88,2.94,3.01,3.05,3.14,3.2
10/3/2018,2.15,2.23,2.41,2.62,2.85,2.94,3.02,3.1,3.15,3.24,3.3
10/4/2018,2.16,2.22,2.42,2.63,2.87,2.97,3.05,3.14,3.19,3.29,3.35
10/5/2018,2.15,2.23,2.41,2.64,2.88,2.99,3.07,3.18,3.23,3.34,3.4
10/9/2018,2.17,2.25,2.46,2.65,2.88,2.98,3.05,3.15,3.21,3.3,3.37
10/10/2018,2.18,2.27,2.45,2.67,2.88,2.97,3.05,3.15,3.22,3.33,3.39
10/11/2018,2.14,2.27,2.44,2.66,2.85,2.94,3,3.09,3.14,3.25,3.32
10/12/2018,2.14,2.28,2.44,2.66,2.85,2.93,3,3.09,3.15,3.25,3.32
10/15/2018,2.17,2.31,2.47,2.67,2.85,2.94,3.01,3.1,3.16,3.27,3.34
10/16/2018,2.19,2.3,2.46,2.66,2.87,2.95,3.02,3.1,3.16,3.26,3.32
10/17/2018,2.2,2.31,2.47,2.66,2.89,2.97,3.04,3.13,3.19,3.29,3.35
10/18/2018,2.19,2.32,2.47,2.67,2.87,2.95,3.03,3.11,3.17,3.28,3.36
10/19/2018,2.19,2.31,2.48,2.67,2.92,2.99,3.05,3.14,3.2,3.31,3.38
10/22/2018,2.18,2.34,2.49,2.68,2.92,2.99,3.05,3.13,3.2,3.31,3.38
10/23/2018,2.21,2.33,2.48,2.67,2.89,2.95,3.01,3.1,3.17,3.29,3.37
10/24/2018,2.2,2.34,2.47,2.64,2.84,2.89,2.94,3.02,3.1,3.24,3.33
10/25/2018,2.19,2.34,2.47,2.66,2.86,2.92,2.98,3.07,3.14,3.27,3.35
10/26/2018,2.16,2.33,2.47,2.63,2.81,2.85,2.91,3,3.08,3.23,3.32
10/29/2018,2.17,2.34,2.49,2.64,2.81,2.86,2.91,3,3.08,3.23,3.33
10/30/2018,2.21,2.33,2.48,2.66,2.84,2.9,2.94,3.03,3.12,3.26,3.36
10/31/2018,2.2,2.34,2.49,2.69,2.87,2.93,2.98,3.07,3.15,3.3,3.39
11/1/2018,2.21,2.32,2.49,2.67,2.84,2.91,2.96,3.06,3.14,3.29,3.38
11/2/2018,2.19,2.33,2.5,2.7,2.91,2.98,3.04,3.13,3.22,3.37,3.46
11/5/2018,2.2,2.36,2.51,2.71,2.91,2.99,3.03,3.12,3.2,3.34,3.43
11/6/2018,2.23,2.35,2.52,2.72,2.93,3.01,3.05,3.14,3.22,3.35,3.43
11/7/2018,2.23,2.37,2.51,2.74,2.96,3.03,3.07,3.15,3.22,3.35,3.43
11/8/2018,2.21,2.35,2.52,2.74,2.98,3.05,3.09,3.17,3.24,3.36,3.43
11/9/2018,2.21,2.36,2.52,2.73,2.94,3.01,3.05,3.13,3.19,3.32,3.4
11/13/2018,2.24,2.38,2.53,2.72,2.89,2.95,2.99,3.07,3.14,3.28,3.36
11/14/2018,2.24,2.38,2.52,2.71,2.86,2.92,2.95,3.04,3.12,3.26,3.35
11/15/2018,2.2,2.37,2.51,2.7,2.86,2.91,2.94,3.02,3.11,3.27,3.36
11/16/2018,2.21,2.36,2.5,2.68,2.81,2.85,2.9,2.99,3.08,3.23,3.33
11/19/2018,2.23,2.38,2.52,2.66,2.79,2.82,2.87,2.97,3.06,3.22,3.32
11/20/2018,2.23,2.39,2.51,2.67,2.79,2.83,2.88,2.97,3.06,3.22,3.31
11/21/2018,2.25,2.41,2.52,2.67,2.81,2.84,2.89,2.98,3.06,3.22,3.31
11/23/2018,2.25,2.41,2.52,2.67,2.81,2.83,2.88,2.97,3.05,3.21,3.31
11/26/2018,2.24,2.41,2.54,2.7,2.84,2.86,2.9,2.98,3.07,3.22,3.32
11/27/2018,2.31,2.41,2.53,2.7,2.83,2.86,2.89,2.98,3.06,3.22,3.32
11/28/2018,2.31,2.4,2.53,2.69,2.81,2.84,2.87,2.97,3.06,3.23,3.34
11/29/2018,2.31,2.37,2.52,2.69,2.81,2.83,2.85,2.94,3.03,3.21,3.33
11/30/2018,2.31,2.37,2.52,2.7,2.8,2.83,2.84,2.92,3.01,3.19,3.3
12/3/2018,2.3,2.38,2.56,2.72,2.83,2.84,2.83,2.9,2.98,3.15,3.27
12/4/2018,2.37,2.42,2.58,2.71,2.8,2.81,2.79,2.84,2.91,3.05,3.16
12/6/2018,2.36,2.41,2.56,2.7,2.75,2.76,2.75,2.8,2.87,3.01,3.14
12/7/2018,2.32,2.4,2.54,2.68,2.72,2.72,2.7,2.77,2.85,3.01,3.14
12/10/2018,2.32,2.41,2.54,2.69,2.72,2.73,2.71,2.77,2.85,3,3.13
12/11/2018,2.28,2.41,2.55,2.7,2.78,2.78,2.75,2.81,2.89,3.02,3.13
12/12/2018,2.3,2.43,2.56,2.7,2.77,2.78,2.77,2.84,2.91,3.04,3.15
12/13/2018,2.36,2.43,2.56,2.69,2.75,2.76,2.75,2.83,2.91,3.05,3.16
12/14/2018,2.36,2.42,2.56,2.68,2.73,2.72,2.73,2.81,2.89,3.03,3.14
12/17/2018,2.36,2.4,2.54,2.66,2.7,2.68,2.69,2.77,2.86,3,3.11
12/18/2018,2.35,2.39,2.53,2.64,2.65,2.64,2.65,2.74,2.82,2.96,3.07
12/19/2018,2.35,2.4,2.54,2.62,2.63,2.61,2.62,2.69,2.77,2.89,3
12/20/2018,2.42,2.39,2.55,2.64,2.67,2.65,2.65,2.72,2.79,2.92,3.02
12/21/2018,2.41,2.39,2.54,2.62,2.63,2.61,2.64,2.72,2.79,2.92,3.03
12/24/2018,2.42,2.45,2.52,2.61,2.55,2.56,2.58,2.66,2.74,2.88,3
12/26/2018,2.41,2.44,2.54,2.61,2.61,2.6,2.67,2.74,2.81,2.94,3.06
12/27/2018,2.43,2.41,2.49,2.58,2.56,2.55,2.6,2.68,2.77,2.92,3.05
12/28/2018,2.39,2.4,2.48,2.57,2.52,2.5,2.56,2.63,2.72,2.89,3.04
12/31/2018,2.44,2.45,2.56,2.63,2.48,2.46,2.51,2.59,2.69,2.87,3.02
1/2/2019,2.4,2.42,2.51,2.6,2.5,2.47,2.49,2.56,2.66,2.83,2.97
1/3/2019,2.42,2.41,2.47,2.5,2.39,2.35,2.37,2.44,2.56,2.75,2.92
1/4/2019,2.4,2.42,2.51,2.57,2.5,2.47,2.49,2.56,2.67,2.83,2.98
1/7/2019,2.42,2.45,2.54,2.58,2.53,2.51,2.53,2.6,2.7,2.86,2.99
1/8/2019,2.4,2.46,2.54,2.6,2.58,2.57,2.58,2.63,2.73,2.88,3
1/9/2019,2.4,2.45,2.52,2.59,2.56,2.54,2.57,2.64,2.74,2.9,3.03
1/10/2019,2.42,2.43,2.51,2.59,2.56,2.54,2.56,2.63,2.74,2.92,3.06
1/11/2019,2.41,2.43,2.5,2.58,2.55,2.51,2.52,2.6,2.71,2.9,3.04
1/14/2019,2.42,2.45,2.52,2.57,2.53,2.51,2.53,2.6,2.71,2.91,3.06
1/15/2019,2.41,2.45,2.52,2.57,2.53,2.51,2.53,2.61,2.72,2.92,3.08
1/16/2019,2.41,2.43,2.49,2.57,2.55,2.53,2.54,2.62,2.73,2.92,3.07
1/17/2019,2.41,2.42,2.5,2.57,2.56,2.55,2.58,2.66,2.75,2.93,3.07
1/18/2019,2.4,2.41,2.5,2.6,2.62,2.6,2.62,2.7,2.79,2.95,3.09
1/22/2019,2.38,2.43,2.51,2.59,2.58,2.55,2.57,2.65,2.74,2.91,3.06
1/23/2019,2.37,2.41,2.51,2.59,2.58,2.57,2.59,2.66,2.76,2.93,3.07
1/24/2019,2.38,2.37,2.5,2.58,2.56,2.54,2.55,2.62,2.72,2.89,3.04
1/25/2019,2.36,2.39,2.51,2.6,2.6,2.58,2.59,2.66,2.76,2.92,3.06
1/28/2019,2.39,2.42,2.51,2.6,2.6,2.58,2.58,2.65,2.75,2.92,3.06
1/29/2019,2.39,2.42,2.51,2.6,2.56,2.54,2.55,2.61,2.72,2.9,3.04
1/30/2019,2.4,2.42,2.5,2.57,2.52,2.49,2.49,2.58,2.7,2.9,3.06
1/31/2019,2.42,2.41,2.46,2.55,2.45,2.43,2.43,2.51,2.63,2.83,2.99
2/1/2019,2.41,2.4,2.46,2.56,2.52,2.5,2.51,2.59,2.7,2.88,3.03
2/4/2019,2.41,2.42,2.49,2.57,2.53,2.52,2.53,2.62,2.73,2.92,3.06
2/5/2019,2.39,2.42,2.5,2.56,2.53,2.5,2.51,2.6,2.71,2.89,3.03
2/6/2019,2.4,2.42,2.5,2.56,2.52,2.5,2.5,2.59,2.7,2.88,3.03
2/7/2019,2.43,2.42,2.49,2.55,2.48,2.46,2.46,2.54,2.65,2.85,3
2/8/2019,2.43,2.43,2.49,2.54,2.45,2.43,2.44,2.53,2.63,2.82,2.97
2/11/2019,2.44,2.45,2.51,2.55,2.48,2.47,2.47,2.56,2.65,2.85,3
2/12/2019,2.42,2.43,2.5,2.55,2.5,2.48,2.49,2.58,2.68,2.87,3.02
2/13/2019,2.42,2.44,2.51,2.55,2.53,2.52,2.53,2.61,2.71,2.89,3.04
2/14/2019,2.45,2.43,2.51,2.53,2.5,2.48,2.48,2.56,2.66,2.85,3.01
2/15/2019,2.43,2.43,2.5,2.55,2.52,2.5,2.49,2.57,2.66,2.84,3
2/19/2019,2.44,2.45,2.52,2.54,2.5,2.47,2.47,2.55,2.65,2.84,2.99
2/20/2019,2.41,2.45,2.51,2.54,2.5,2.47,2.47,2.55,2.65,2.84,3
2/21/2019,2.43,2.45,2.51,2.55,2.53,2.49,2.51,2.59,2.69,2.89,3.05
2/22/2019,2.43,2.46,2.51,2.55,2.48,2.46,2.47,2.55,2.65,2.86,3.02
2/25/2019,2.44,2.47,2.51,2.56,2.51,2.48,2.48,2.57,2.67,2.87,3.03
2/26/2019,2.43,2.45,2.51,2.55,2.48,2.44,2.45,2.54,2.64,2.84,3.01
2/27/2019,2.43,2.45,2.52,2.54,2.5,2.48,2.49,2.59,2.69,2.91,3.07
2/28/2019,2.44,2.45,2.5,2.54,2.52,2.5,2.52,2.63,2.73,2.94,3.09
3/1/2019,2.44,2.44,2.52,2.55,2.55,2.54,2.56,2.67,2.76,2.97,3.13
3/4/2019,2.45,2.46,2.54,2.54,2.55,2.52,2.53,2.63,2.72,2.93,3.09
3/5/2019,2.44,2.46,2.53,2.54,2.55,2.52,2.53,2.63,2.72,2.93,3.08
3/6/2019,2.43,2.47,2.53,2.54,2.52,2.49,2.49,2.59,2.69,2.9,3.06
3/7/2019,2.45,2.45,2.52,2.52,2.47,2.44,2.44,2.54,2.64,2.86,3.03
3/8/2019,2.45,2.46,2.52,2.53,2.45,2.43,2.42,2.51,2.62,2.83,3
3/11/2019,2.44,2.46,2.54,2.53,2.47,2.45,2.44,2.53,2.64,2.86,3.03
3/12/2019,2.44,2.46,2.53,2.52,2.45,2.41,2.41,2.5,2.61,2.82,3
3/13/2019,2.43,2.45,2.53,2.53,2.45,2.41,2.42,2.51,2.61,2.82,3.02
3/14/2019,2.48,2.45,2.52,2.52,2.46,2.42,2.43,2.53,2.63,2.86,3.04
3/15/2019,2.46,2.45,2.52,2.52,2.43,2.39,2.4,2.49,2.59,2.83,3.02
3/18/2019,2.47,2.44,2.51,2.52,2.45,2.41,2.42,2.51,2.6,2.83,3.01
3/19/2019,2.46,2.46,2.52,2.5,2.46,2.42,2.42,2.51,2.61,2.84,3.02
3/20/2019,2.45,2.48,2.49,2.47,2.4,2.34,2.34,2.44,2.54,2.79,2.98
3/21/2019,2.51,2.49,2.5,2.48,2.41,2.34,2.34,2.44,2.54,2.78,2.96
3/22/2019,2.49,2.46,2.48,2.45,2.31,2.24,2.24,2.34,2.44,2.69,2.88
3/25/2019,2.47,2.46,2.49,2.41,2.26,2.19,2.21,2.32,2.43,2.68,2.87
3/26/2019,2.46,2.46,2.49,2.44,2.24,2.18,2.18,2.29,2.41,2.67,2.86
3/27/2019,2.45,2.44,2.46,2.4,2.22,2.16,2.18,2.28,2.39,2.63,2.83
3/28/2019,2.44,2.43,2.44,2.4,2.23,2.18,2.2,2.29,2.39,2.62,2.81
3/29/2019,2.43,2.4,2.44,2.4,2.27,2.21,2.23,2.31,2.41,2.63,2.81
4/1/2019,2.42,2.43,2.46,2.41,2.33,2.29,2.31,2.4,2.49,2.71,2.89
4/2/2019,2.43,2.42,2.45,2.41,2.3,2.26,2.28,2.38,2.48,2.7,2.88
4/3/2019,2.42,2.44,2.45,2.41,2.33,2.29,2.32,2.42,2.52,2.75,2.93
4/4/2019,2.43,2.44,2.46,2.41,2.33,2.29,2.32,2.41,2.51,2.74,2.92
4/5/2019,2.42,2.44,2.46,2.43,2.35,2.3,2.31,2.4,2.5,2.72,2.91
4/8/2019,2.43,2.43,2.48,2.43,2.36,2.31,2.33,2.42,2.52,2.74,2.93
4/9/2019,2.42,2.42,2.46,2.42,2.35,2.31,2.31,2.4,2.51,2.73,2.92
4/10/2019,2.4,2.43,2.46,2.41,2.31,2.27,2.28,2.37,2.48,2.71,2.9
4/11/2019,2.42,2.43,2.46,2.44,2.35,2.3,2.31,2.4,2.51,2.74,2.94
4/12/2019,2.41,2.44,2.47,2.44,2.4,2.36,2.38,2.47,2.56,2.78,2.97
4/15/2019,2.42,2.43,2.46,2.43,2.4,2.36,2.37,2.46,2.55,2.77,2.96
4/16/2019,2.43,2.43,2.47,2.45,2.41,2.38,2.41,2.5,2.6,2.81,2.99
4/17/2019,2.43,2.44,2.47,2.44,2.4,2.37,2.4,2.49,2.59,2.81,2.99
4/18/2019,2.44,2.42,2.47,2.44,2.38,2.36,2.38,2.46,2.57,2.78,2.96
4/22/2019,2.44,2.44,2.47,2.46,2.38,2.36,2.39,2.49,2.59,2.82,2.99
4/23/2019,2.43,2.45,2.46,2.43,2.36,2.34,2.36,2.46,2.57,2.81,2.98
4/24/2019,2.42,2.44,2.46,2.42,2.32,2.28,2.32,2.41,2.53,2.76,2.94
4/25/2019,2.43,2.43,2.46,2.42,2.33,2.29,2.33,2.42,2.54,2.76,2.94
4/26/2019,2.42,2.42,2.46,2.41,2.28,2.25,2.29,2.39,2.51,2.74,2.92
4/29/2019,2.45,2.44,2.47,2.42,2.3,2.27,2.32,2.42,2.54,2.78,2.96
4/30/2019,2.43,2.43,2.46,2.39,2.27,2.24,2.28,2.39,2.51,2.75,2.93
5/1/2019,2.42,2.43,2.44,2.39,2.31,2.28,2.31,2.41,2.52,2.74,2.92
5/2/2019,2.44,2.47,2.46,2.41,2.35,2.32,2.34,2.44,2.55,2.77,2.94
5/3/2019,2.42,2.43,2.46,2.41,2.33,2.3,2.33,2.43,2.54,2.75,2.93
5/6/2019,2.43,2.44,2.46,2.39,2.31,2.27,2.3,2.4,2.51,2.73,2.91
5/7/2019,2.44,2.43,2.46,2.37,2.28,2.24,2.25,2.35,2.45,2.68,2.86
5/8/2019,2.42,2.43,2.45,2.37,2.3,2.26,2.28,2.38,2.49,2.71,2.89
5/9/2019,2.43,2.43,2.46,2.36,2.26,2.22,2.25,2.34,2.45,2.69,2.87
5/10/2019,2.42,2.43,2.45,2.36,2.26,2.23,2.26,2.37,2.47,2.7,2.89
5/13/2019,2.41,2.41,2.42,2.32,2.18,2.15,2.18,2.28,2.4,2.65,2.83
5/14/2019,2.41,2.41,2.43,2.32,2.2,2.17,2.2,2.3,2.42,2.67,2.86
5/15/2019,2.4,2.42,2.43,2.3,2.16,2.12,2.15,2.25,2.37,2.63,2.82
5/16/2019,2.4,2.4,2.43,2.33,2.2,2.15,2.18,2.28,2.4,2.65,2.84
5/17/2019,2.39,2.39,2.42,2.33,2.2,2.15,2.17,2.27,2.39,2.63,2.82
5/20/2019,2.39,2.39,2.42,2.34,2.21,2.17,2.21,2.3,2.41,2.65,2.83
5/21/2019,2.37,2.39,2.42,2.36,2.26,2.2,2.23,2.33,2.43,2.67,2.84
5/22/2019,2.36,2.38,2.41,2.37,2.23,2.17,2.19,2.28,2.39,2.64,2.82
5/23/2019,2.38,2.37,2.4,2.32,2.12,2.08,2.11,2.2,2.31,2.56,2.75
5/24/2019,2.37,2.35,2.39,2.33,2.16,2.1,2.12,2.22,2.32,2.57,2.75
5/28/2019,2.35,2.37,2.38,2.31,2.12,2.06,2.06,2.16,2.26,2.52,2.7
5/29/2019,2.35,2.37,2.38,2.3,2.09,2.04,2.05,2.16,2.25,2.5,2.69
5/30/2019,2.37,2.38,2.4,2.29,2.06,2,2.03,2.12,2.22,2.46,2.65
5/31/2019,2.35,2.35,2.35,2.21,1.95,1.9,1.93,2.03,2.14,2.39,2.58
6/3/2019,2.36,2.35,2.31,2.11,1.82,1.79,1.83,1.95,2.07,2.34,2.53
6/4/2019,2.34,2.35,2.29,2.11,1.88,1.84,1.89,2.01,2.12,2.41,2.6
6/5/2019,2.31,2.35,2.25,2.04,1.83,1.81,1.86,2,2.12,2.42,2.63
6/6/2019,2.32,2.33,2.22,2.02,1.88,1.85,1.88,2.01,2.12,2.42,2.62
6/7/2019,2.3,2.28,2.15,1.97,1.85,1.82,1.85,1.97,2.09,2.36,2.57
6/10/2019,2.3,2.29,2.21,2.03,1.9,1.87,1.91,2.03,2.15,2.42,2.62
6/11/2019,2.27,2.27,2.21,2.05,1.93,1.87,1.92,2.03,2.15,2.42,2.62
6/12/2019,2.19,2.24,2.2,2.02,1.88,1.83,1.88,2,2.13,2.41,2.62
6/13/2019,2.24,2.19,2.18,2,1.83,1.78,1.84,1.96,2.1,2.39,2.61
6/14/2019,2.23,2.2,2.18,2,1.84,1.79,1.85,1.96,2.09,2.38,2.59
6/17/2019,2.22,2.23,2.2,2.03,1.86,1.8,1.85,1.96,2.09,2.37,2.58
6/18/2019,2.18,2.22,2.2,2.04,1.86,1.8,1.83,1.93,2.06,2.34,2.55
6/19/2019,2.14,2.18,2.11,1.96,1.74,1.7,1.77,1.89,2.03,2.32,2.54
6/20/2019,2.17,2.14,2.04,1.91,1.72,1.69,1.74,1.87,2.01,2.31,2.53
6/21/2019,2.16,2.11,2.05,1.95,1.77,1.74,1.8,1.93,2.07,2.37,2.59
6/24/2019,2.12,2.13,2.1,1.92,1.72,1.69,1.75,1.88,2.02,2.33,2.55
6/25/2019,2.11,2.12,2.1,1.93,1.71,1.67,1.73,1.86,2,2.31,2.53
6/26/2019,2.11,2.15,2.12,1.96,1.77,1.74,1.8,1.92,2.05,2.35,2.57
6/27/2019,2.19,2.14,2.12,1.93,1.74,1.71,1.76,1.88,2.01,2.31,2.52
6/28/2019,2.18,2.12,2.09,1.92,1.75,1.71,1.76,1.87,2,2.31,2.52
7/1/2019,2.17,2.21,2.1,1.94,1.78,1.74,1.79,1.9,2.03,2.34,2.55
7/2/2019,2.21,2.2,2.09,1.91,1.77,1.71,1.75,1.85,1.98,2.29,2.51
7/3/2019,2.25,2.21,2.08,1.91,1.77,1.71,1.74,1.83,1.96,2.25,2.47
7/5/2019,2.26,2.23,2.14,1.98,1.87,1.82,1.84,1.93,2.04,2.34,2.54
7/8/2019,2.23,2.26,2.14,1.99,1.88,1.84,1.86,1.94,2.05,2.32,2.53
7/9/2019,2.22,2.26,2.15,2,1.92,1.88,1.88,1.96,2.07,2.34,2.54
7/10/2019,2.18,2.2,2.07,1.93,1.82,1.79,1.82,1.93,2.07,2.36,2.57
7/11/2019,2.17,2.17,2.08,1.97,1.85,1.84,1.88,1.99,2.13,2.42,2.65
7/12/2019,2.16,2.14,2.07,1.96,1.84,1.81,1.86,1.98,2.12,2.42,2.64
7/15/2019,2.17,2.16,2.06,1.95,1.83,1.8,1.84,1.96,2.09,2.39,2.61
7/16/2019,2.16,2.15,2.06,2,1.87,1.84,1.88,2,2.13,2.42,2.63
7/17/2019,2.13,2.14,2.04,1.95,1.83,1.8,1.83,1.94,2.06,2.35,2.57
7/18/2019,2.11,2.05,2.01,1.9,1.77,1.74,1.78,1.89,2.04,2.34,2.56
7/19/2019,2.11,2.06,2.03,1.94,1.8,1.77,1.8,1.91,2.05,2.35,2.57
7/22/2019,2.13,2.09,2.08,1.95,1.8,1.77,1.8,1.92,2.05,2.36,2.58
7/23/2019,2.12,2.06,2.09,1.97,1.83,1.79,1.83,1.94,2.08,2.38,2.61
7/24/2019,2.1,2.1,2.08,1.98,1.83,1.79,1.82,1.93,2.05,2.36,2.58
7/25/2019,2.16,2.1,2.08,1.99,1.86,1.83,1.85,1.95,2.08,2.38,2.6
7/26/2019,2.13,2.12,2.1,2,1.86,1.83,1.85,1.95,2.08,2.38,2.59
7/29/2019,2.12,2.12,2.1,1.98,1.85,1.81,1.84,1.93,2.06,2.37,2.59
7/30/2019,2.07,2.08,2.07,1.97,1.85,1.82,1.84,1.93,2.06,2.36,2.58
7/31/2019,2.01,2.08,2.1,2,1.89,1.84,1.84,1.92,2.02,2.31,2.53
8/1/2019,2.11,2.07,2.04,1.88,1.73,1.67,1.68,1.77,1.9,2.21,2.44
8/2/2019,2.11,2.06,2.02,1.85,1.72,1.67,1.66,1.75,1.86,2.16,2.39
8/5/2019,2.07,2.05,1.99,1.78,1.59,1.55,1.55,1.63,1.75,2.07,2.3
8/6/2019,2.05,2.05,2,1.8,1.6,1.54,1.53,1.62,1.73,2.03,2.25
8/7/2019,2.02,2.02,1.95,1.75,1.59,1.51,1.52,1.6,1.71,2.01,2.22
8/8/2019,2.09,2.02,1.96,1.79,1.62,1.54,1.54,1.62,1.72,2.02,2.25
8/9/2019,2.05,2,1.95,1.78,1.63,1.58,1.57,1.65,1.74,2.03,2.26
8/12/2019,2.09,2,1.94,1.75,1.58,1.51,1.49,1.56,1.65,1.92,2.14
8/13/2019,2.05,2,1.96,1.86,1.66,1.6,1.57,1.62,1.68,1.94,2.15
8/14/2019,1.98,1.96,1.92,1.79,1.58,1.53,1.51,1.55,1.59,1.84,2.03
8/15/2019,2.08,1.91,1.86,1.72,1.48,1.44,1.42,1.47,1.52,1.8,1.98
8/16/2019,2.05,1.87,1.85,1.71,1.48,1.44,1.42,1.49,1.55,1.82,2.01
8/19/2019,2.06,1.94,1.9,1.75,1.53,1.49,1.47,1.54,1.6,1.88,2.08
8/20/2019,2.05,1.94,1.89,1.72,1.5,1.44,1.42,1.49,1.55,1.84,2.04
8/21/2019,2.03,1.97,1.9,1.77,1.56,1.5,1.47,1.54,1.59,1.87,2.07
8/22/2019,2.1,2,1.91,1.79,1.61,1.53,1.5,1.56,1.62,1.9,2.11
8/23/2019,2.07,1.97,1.87,1.73,1.51,1.43,1.4,1.46,1.52,1.82,2.02
8/26/2019,2.09,2.01,1.9,1.75,1.54,1.47,1.43,1.49,1.54,1.84,2.04
8/27/2019,2.07,1.98,1.94,1.77,1.53,1.43,1.4,1.44,1.49,1.77,1.97
8/28/2019,2.07,1.99,1.89,1.74,1.5,1.42,1.37,1.42,1.47,1.76,1.94
8/29/2019,2.1,1.99,1.89,1.75,1.53,1.44,1.4,1.46,1.5,1.78,1.97
8/30/2019,2.1,1.99,1.89,1.76,1.5,1.42,1.39,1.45,1.5,1.78,1.96
9/3/2019,2.06,1.98,1.88,1.72,1.47,1.38,1.35,1.42,1.47,1.77,1.95
9/4/2019,2.05,1.97,1.87,1.69,1.43,1.36,1.32,1.4,1.47,1.77,1.97
9/5/2019,2.05,1.97,1.88,1.73,1.55,1.47,1.43,1.51,1.57,1.86,2.06
9/6/2019,2.05,1.96,1.88,1.73,1.53,1.46,1.42,1.5,1.55,1.83,2.02
9/9/2019,2.04,1.96,1.87,1.74,1.58,1.52,1.49,1.57,1.63,1.91,2.11
9/10/2019,2.04,1.95,1.89,1.81,1.67,1.61,1.58,1.66,1.72,2,2.19
9/11/2019,2.01,1.96,1.88,1.79,1.68,1.62,1.6,1.68,1.75,2.02,2.22
9/12/2019,1.99,1.95,1.9,1.82,1.72,1.67,1.65,1.72,1.79,2.06,2.22
9/13/2019,1.99,1.96,1.92,1.88,1.79,1.76,1.75,1.83,1.9,2.17,2.37
9/16/2019,2.08,1.99,1.93,1.86,1.74,1.71,1.69,1.77,1.84,2.11,2.31
9/17/2019,2.1,1.99,1.93,1.87,1.72,1.68,1.66,1.75,1.81,2.08,2.27
9/18/2019,1.94,1.95,1.91,1.87,1.77,1.72,1.68,1.76,1.8,2.06,2.25
9/19/2019,2.01,1.93,1.92,1.88,1.74,1.68,1.66,1.73,1.79,2.04,2.22
9/20/2019,1.95,1.91,1.91,1.84,1.69,1.63,1.61,1.68,1.74,1.99,2.17
9/23/2019,1.94,1.94,1.93,1.81,1.68,1.61,1.59,1.65,1.72,1.98,2.16
9/24/2019,1.9,1.92,1.91,1.78,1.6,1.53,1.52,1.58,1.64,1.91,2.09
9/25/2019,1.8,1.89,1.9,1.82,1.68,1.61,1.6,1.66,1.73,1.99,2.18
9/26/2019,1.91,1.83,1.88,1.79,1.66,1.61,1.59,1.65,1.7,1.96,2.15
9/27/2019,1.9,1.8,1.85,1.74,1.63,1.58,1.56,1.62,1.69,1.95,2.13
9/30/2019,1.91,1.88,1.83,1.75,1.63,1.56,1.55,1.62,1.68,1.94,2.12
10/1/2019,1.79,1.82,1.81,1.73,1.56,1.51,1.51,1.59,1.65,1.93,2.11
10/2/2019,1.75,1.79,1.75,1.67,1.48,1.43,1.43,1.53,1.6,1.9,2.09
10/3/2019,1.78,1.7,1.66,1.58,1.39,1.34,1.34,1.45,1.54,1.85,2.04
10/4/2019,1.73,1.71,1.65,1.58,1.4,1.35,1.34,1.43,1.52,1.81,2.01
10/7/2019,1.76,1.75,1.73,1.64,1.46,1.41,1.38,1.47,1.56,1.85,2.05
10/8/2019,1.69,1.72,1.69,1.62,1.42,1.38,1.36,1.45,1.54,1.84,2.04
10/9/2019,1.69,1.69,1.69,1.59,1.47,1.43,1.4,1.5,1.59,1.88,2.08
10/10/2019,1.74,1.68,1.68,1.63,1.53,1.49,1.48,1.57,1.67,1.96,2.16
10/11/2019,1.76,1.68,1.68,1.67,1.63,1.6,1.59,1.68,1.76,2.04,2.22
10/15/2019,1.74,1.67,1.67,1.65,1.61,1.6,1.59,1.68,1.77,2.06,2.23
10/16/2019,1.71,1.66,1.64,1.59,1.58,1.57,1.57,1.65,1.75,2.05,2.23
10/17/2019,1.74,1.66,1.63,1.59,1.6,1.57,1.57,1.66,1.76,2.05,2.24
10/18/2019,1.75,1.66,1.63,1.58,1.58,1.56,1.56,1.66,1.76,2.06,2.25
10/21/2019,1.76,1.67,1.65,1.59,1.62,1.59,1.61,1.7,1.8,2.1,2.28
10/22/2019,1.75,1.65,1.64,1.59,1.6,1.59,1.6,1.68,1.78,2.07,2.26
10/23/2019,1.74,1.65,1.64,1.58,1.58,1.58,1.58,1.67,1.77,2.06,2.25
10/24/2019,1.75,1.67,1.65,1.59,1.58,1.58,1.58,1.67,1.77,2.08,2.26
10/25/2019,1.73,1.66,1.66,1.6,1.63,1.62,1.62,1.71,1.8,2.1,2.29
10/28/2019,1.74,1.65,1.65,1.6,1.64,1.65,1.66,1.75,1.85,2.16,2.34
10/29/2019,1.66,1.63,1.64,1.59,1.64,1.65,1.66,1.74,1.84,2.15,2.33
10/30/2019,1.61,1.62,1.62,1.59,1.61,1.6,1.61,1.69,1.78,2.08,2.26
10/31/2019,1.59,1.54,1.57,1.53,1.52,1.52,1.51,1.6,1.69,2,2.17
11/1/2019,1.58,1.52,1.55,1.53,1.56,1.55,1.55,1.63,1.73,2.03,2.21
11/4/2019,1.58,1.53,1.57,1.56,1.6,1.59,1.6,1.69,1.79,2.1,2.27
11/5/2019,1.56,1.56,1.58,1.62,1.63,1.63,1.66,1.77,1.86,2.17,2.34
11/6/2019,1.55,1.56,1.57,1.58,1.61,1.6,1.63,1.73,1.81,2.13,2.3
11/7/2019,1.57,1.56,1.58,1.58,1.68,1.7,1.74,1.84,1.92,2.24,2.4
11/8/2019,1.56,1.55,1.58,1.58,1.68,1.7,1.74,1.86,1.94,2.27,2.43
