Category: All categories,
,
Week,V
11/13/16,24
11/20/16,27
11/27/16,15
12/4/16,13
12/11/16,35
12/18/16,21
12/25/16,22
1/1/17,29
1/8/17,31
1/15/17,12
1/22/17,44
1/29/17,55
2/5/17,30
2/12/17,16
2/19/17,17
2/26/17,31
3/5/17,18
3/12/17,41
3/19/17,28
3/26/17,29
4/2/17,42
4/9/17,52
4/16/17,43
4/23/17,29
4/30/17,43
5/7/17,25
5/14/17,21
5/21/17,28
5/28/17,29
6/4/17,38
6/11/17,33
6/18/17,33
6/25/17,31
7/2/17,14
7/9/17,61
7/16/17,34
7/23/17,26
7/30/17,39
8/6/17,26
8/13/17,32
8/20/17,18
8/27/17,17
9/3/17,28
9/10/17,17
9/17/17,30
9/24/17,25
10/1/17,29
10/8/17,18
10/15/17,38
10/22/17,44
10/29/17,36
11/5/17,48
11/12/17,92
11/19/17,21
11/26/17,49
12/3/17,53
12/10/17,37
12/17/17,27
12/24/17,48
12/31/17,77
1/7/18,48
1/14/18,37
1/21/18,48
1/28/18,31
2/4/18,41
2/11/18,19
2/18/18,60
2/25/18,13
3/4/18,27
3/11/18,46
3/18/18,26
3/25/18,21
4/1/18,14
4/8/18,27
4/15/18,47
4/22/18,55
4/29/18,14
5/6/18,35
5/13/18,14
5/20/18,23
5/27/18,23
6/3/18,38
6/10/18,23
6/17/18,29
6/24/18,31
7/1/18,16
7/8/18,54
7/15/18,0
7/22/18,23
7/29/18,47
8/5/18,32
8/12/18,32
8/19/18,24
8/26/18,23
9/2/18,30
9/9/18,21
9/16/18,37
9/23/18,0
9/30/18,36
10/7/18,29
10/14/18,30
10/21/18,30
10/28/18,53
11/4/18,32
11/11/18,45
11/18/18,36
11/25/18,45
12/2/18,45
12/9/18,16
12/16/18,35
12/23/18,21
12/30/18,52
1/6/19,30
1/13/19,45
1/20/19,46
1/27/19,52
2/3/19,15
2/10/19,23
2/17/19,15
2/24/19,74
3/3/19,39
3/10/19,22
3/17/19,55
3/24/19,33
3/31/19,50
4/7/19,100
4/14/19,16
4/21/19,41
4/28/19,16
5/5/19,25
5/12/19,26
5/19/19,17
5/26/19,17
6/2/19,25
6/9/19,32
6/16/19,57
6/23/19,25
6/30/19,32
7/7/19,47
7/14/19,0
7/21/19,0
7/28/19,25
8/4/19,16
8/11/19,34
8/18/19,16
8/25/19,23
9/1/19,22
9/8/19,0
9/15/19,15
9/22/19,30
9/29/19,31
10/6/19,39
10/13/19,30
10/20/19,60
10/27/19,15
11/3/19,0